Workbook

Sheet PARAMETRES
B2: PARAMÈTRES DE CONFIGURATION
B4: GUIDE LECTURE
B5: 1. SAISIE DES VENTES → Onglet VENTES (liste déroulante Enseigne)
B6: 2. TAUX AUTO → Direct=7%, Centrale=5%
B7: 3. ANALYSE → Changez le mois/année pour voir les KPIs
B8: 4. ALERTES → L'onglet SUIVI CLIENTS montre les clients à relancer
B11: 📅 SÉLECTION DE LA PÉRIODE
B13: MOIS: | C13: Août
B14: ANNÉE: | C14: 2026
B16: (numéro mois) | C16: {=MATCH(C13,{"Janvier","Février","Mars","Avril","Mai","Juin","Juillet","Août","Septembre","Octobre","Novembre","Décembre"},0)} -> 8
B18: COMMISSION
B19: TYPE | C19: TAUX
B20: Direct | C20: 0.07
B21: Centrale | C21: 0.05
B24: ⚠️ALERTES CLIENTS
B25: Mois sans commande = Alerte: | C25: 2 | D25: mois

Sheet ENSEIGNES
B1: ENSEIGNE | C1: TYPE | D1: AGENT
B2: SCAPEST | C2: Centrale | D2: BROCARD | G2: 📌 Alimenter la liste déroulante des ventes
C3: Direct | D3: CAP FRAIS
B4: SOBODIS DISTRIBUTION U EXPRESS NANTES PETIT PORT(SAS) | C4: Direct | D4: CAP FRAIS
B5: SOCAMAINE | C5: Direct | D5: CAP FRAIS
B6: LECLERC FLEURY LES AUBRIS SOCAMAINE (SAS) | C6: Direct | D6: CAP FRAIS
B7: SCACHAP | C7: Centrale | D7: CAP FRAIS
B8: U EXPRESS RENNES HOCHE ( SAS LES CONQUERANTS ) | C8: Direct | D8: CAP FRAIS
B9: LES PLATANES - ITM ROCHEFORT (SAS) | C9: Direct | D9: CAP FRAIS
C10: Direct | D10: CAP FRAIS
C11: Direct | D11: CAP FRAIS
B12: SODICHAL - HYPER U CHALLANS (SAS) | C12: Direct | D12: CAP FRAIS
B13: DISTRIBUTION - U EXPRESS NANTES PETIT PORT (SAS) | C13: Direct | D13: CAP FRAIS
B14: LECLERC FLEURY LES AUBRAIS (SOCAMAINE) | C14: Direct | D14: CAP FRAIS
C15: Direct | D15: CAP FRAIS
B16: U EXPRESS RENNES HOCHE ( SAS LES CONQUERANTS ) | C16: Direct | D16: CAP FRAIS
B17: SAS SODIHARDT (SUPER U - GUNDERSHOFFEN) | C17: Direct | D17: BROCARD
C18: Direct | D18: CAP FRAIS
B19: PARIS DISTRIBUTION (SAS) | C19: Direct | D19: CAP FRAIS
C20: Direct | D20: CAP FRAIS
B21: RENOUEST ( E.LECLERC RENNES ) (SAS) | C21: Direct | D21: CAP FRAIS
C22: Direct | D22: CAP FRAIS
B23: LES PLATANES - ITM ROCHEFORT (SAS) | C23: Direct | D23: CAP FRAIS
B24: AUCHAN HYPERMARCHE AVRILLE - SAS JUIGNEDIS (SAS) | C24: Direct | D24: CAP FRAIS
B25: PARIS DISTRIBUTION (SAS) | C25: Direct | D25: CAP FRAIS
B26: U EXPRESS RENNES HOCHE ( SAS LES CONQUERANTS ) | C26: Direct | D26: CAP FRAIS
B27: HYPER U LES HERBIERS ( SAS EXAGONE) | C27: Direct | D27: CAP FRAIS
C28: Direct | D28: CAP FRAIS
B29: LECLERC OLONNE SUR MER (SODILONNE) | C29: Direct | D29: CAP FRAIS
B30: SU NANTES CHENAIE (SAS EXPAN) CARQUEFOU | C30: Direct | D30: CAP FRAIS
B31: LECLERC SOCAMAINE SAS FONDIS | C31: Direct | D31: CAP FRAIS
B32: U EXPRESS RENNES HOCHE ( SAS LES CONQUERANTS ) | C32: Direct | D32: CAP FRAIS
C33: Direct | D33: CAP FRAIS
B34: INTERMARCHE coulounieix chamiers (COCHAME) | C34: Direct | D34: CAP FRAIS
B35: THOUARS DISTRIBUTION | C35: Direct | D35: CAP FRAIS
B36: SAS PARIS DISTRIBUTION | C36: Direct | D36: CAP FRAIS
B37: LECLERC CERNAY | C37: Direct | D37: BROCARD
B38: CARREFOUR BELGIQUE | C38: Centrale | D38: GMA GROUP
B39: SAS TRYO - ITM SAINT LAURENT DU VAR | C39: Direct | D39: SCHLESSER
B40: SAS LORIENCE ITM TOULON | C40: Direct | D40: SCHLESSER
B41: SAS INTERMARCHE - ROURET | C41: Direct | D41: SCHLESSER
B42: SAS INTERMARCHE - PONT DES GARBES | C42: Direct | D42: SCHLESSER
B43: E. LECLERC PONTCHATEAU (SAS) | C43: Direct | D43: CAP FRAIS
B44: HYPER U -Savenay (SAS) | C44: Direct | D44: CAP FRAIS
B45: INTERMARCHE GRAND FOUGERAY (SAS ) | C45: Direct | D45: CAP FRAIS
... B53: SA TRUCHIDIM - SUPER U - TRUCHTERSHEIM | C53: Direct | D53: BROCARD
C54: Direct | D54: CAP FRAIS
C55: Direct | D55: CAP FRAIS
B56: SAS JODI - ITM EXPRESS NANTES ST JOSEPH | C56: Direct | D56: CAP FRAIS
C57: Direct | D57: CAP FRAIS
C58: Direct | D58: CAP FRAIS
C59: Direct | D59: CAP FRAIS
C60: Direct | D60: CAP FRAIS
B61: SAS LECLERC HYPERMARCHE HIRSINGUE - SAS | C61: Direct | D61: BROCARD
B62: SAS NOIDIS (E LECLERC - PUSEY) | C62: Direct | D62: BROCARD
B63: SAS KERVILLY ( E.LECLERC QUIMPER ) | C63: Direct | D63: CAP FRAIS
C64: Direct | D64: CAP FRAIS
C65: Direct | D65: CAP FRAIS
C66: Direct | D66: CAP FRAIS
B67: OTERA SAS | C67: Centrale | D67: CAP FRAIS
B68: SCAOUEST | C68: Centrale | D68: CAP FRAIS
B69: ALDOUEST | C69: Centrale | D69: CAP FRAIS
B70: SA SUPER U L'EPINE (NOIRMOUTIER) | C70: Direct | D70: CAP FRAIS
B71: SAS SU OLONNE SUR MER | C71: Direct | D71: CAP FRAIS
B72: SAS SU LA TRANCHE SUR MER | C72: Direct | D72: CAP FRAIS
B73: SAS U EXPRESS LES MARINES | C73: Direct | D73: CAP FRAIS
B74: SAS SU OLONNE SUR MER (SAS CHATODIS) | C74: Direct | D74: CAP FRAIS

Sheet VENTES
A1: 🟡 JAUNE = À REMPLIR | 🟢 VERT = CALCUL AUTO | ⚪ AUTO
A2: DATE | B2: N° BL | C2: ENSEIGNE ↓ | D2: TYPE | E2: AGENT | F2: MT HT (€) | G2: MT TTC (€) | H2: TAUX | I2: COMMISSION (€) | J2: MOIS | K2: ANNÉE | L2: NBRE D'ENSEIGNES ACTIVES DU MOIS
A3: 45964 | B3: BDL00006497 | C3: INTERMARCHE coulounieix chamiers (COCHAME) | D3: =IF(C3<>"",VLOOKUP(C3,ENSEIGNES!$B$2:$D$47,2,FALSE),"") -> Direct | E3: =IF(C3<>"",VLOOKUP(C3,ENSEIGNES!$B$2:$D$47,3,FALSE),"") -> CAP FRAIS | F3: 426.88 | G3: =F3*(1+5.5%) -> 450.3584 | H3: =IF(D3="Direct",PARAMETRES!$C$20,IF(D3="Centrale",PARAMETRES!$C$21,0)) -> 0.07 | I3: =IF(F3<>"",F3*H3,0) -> 29.8816 | J3: =IF(A3<>"",MONTH(A3),"") -> 11 | K3: =IF(A3<>"",YEAR(A3),"") -> 2025 | L3: =IF(COUNTIFS($C$3:C3,C3,$J$3:J3,J3,$K$3:K3,K3)=1,1,0) -> 1
A4: 45964 | B4: BDL00006501 | C4: THOUARS DISTRIBUTION | D4: =IF(C4<>"",VLOOKUP(C4,ENSEIGNES!$B$2:$D971,2,FALSE),"") -> Direct | E4: =IF(C4<>"",VLOOKUP(C4,ENSEIGNES!$B$2:$D971,3,FALSE),"") -> CAP FRAIS | F4: 454.72 | G4: =F4*(1+5.5%) -> 479.7296 | H4: =IF(D4="Direct",PARAMETRES!$C$20,IF(D4="Centrale",PARAMETRES!$C$21,0)) -> 0.07 | I4: =IF(F4<>"",F4*H4,0) -> 31.8304 | J4: =IF(A4<>"",MONTH(A4),"") -> 11 | K4: =IF(A4<>"",YEAR(A4),"") -> 2025 | L4: =IF(COUNTIFS($C$3:C4,C4,$J$3:J4,J4,$K$3:K4,K4)=1,1,0) -> 1
A5: 45965 | B5: BDL00006498 | C5: SCAOUEST | D5: =IF(C5<>"",VLOOKUP(C5,ENSEIGNES!$B$2:$D971,2,FALSE),"") -> Centrale | E5: =IF(C5<>"",VLOOKUP(C5,ENSEIGNES!$B$2:$D971,3,FALSE),"") -> CAP FRAIS | F5: 357.28 | G5: =F5*(1+5.5%) -> 376.9304 | H5: =IF(D5="Direct",PARAMETRES!$C$20,IF(D5="Centrale",PARAMETRES!$C$21,0)) -> 0.05 | I5: =IF(F5<>"",F5*H5,0) -> 17.864 | J5: =IF(A5<>"",MONTH(A5),"") -> 11 | K5: =IF(A5<>"",YEAR(A5),"") -> 2025 | L5: =IF(COUNTIFS($C$3:C5,C5,$J$3:J5,J5,$K$3:K5,K5)=1,1,0) -> 1
A6: 45966 | B6: BDL00006516 | C6: U EXPRESS RENNES HOCHE ( SAS LES CONQUERANTS ) | D6: =IF(C6<>"",VLOOKUP(C6,ENSEIGNES!$B$2:$D971,2,FALSE),"") -> Direct | E6: =IF(C6<>"",VLOOKUP(C6,ENSEIGNES!$B$2:$D971,3,FALSE),"") -> CAP FRAIS | F6: 361.92 | G6: =F6*(1+5.5%) -> 381.8256 | H6: =IF(D6="Direct",PARAMETRES!$C$20,IF(D6="Centrale",PARAMETRES!$C$21,0)) -> 0.07 | I6: =IF(F6<>"",F6*H6,0) -> 25.3344 | J6: =IF(A6<>"",MONTH(A6),"") -> 11 | K6: =IF(A6<>"",YEAR(A6),"") -> 2025 | L6: =IF(COUNTIFS($C$3:C6,C6,$J$3:J6,J6,$K$3:K6,K6)=1,1,0) -> 1
A7: 45967 | B7: BDL00006517 | C7: RENOUEST ( E.LECLERC RENNES ) (SAS) | D7: =IF(C7<>"",VLOOKUP(C7,ENSEIGNES!$B$2:$D971,2,FALSE),"") -> Direct | E7: =IF(C7<>"",VLOOKUP(C7,ENSEIGNES!$B$2:$D971,3,FALSE),"") -> CAP FRAIS | F7: 418.14 | G7: =F7*(1+5.5%) -> 441.1377 | H7: =IF(D7="Direct",PARAMETRES!$C$20,IF(D7="Centrale",PARAMETRES!$C$21,0)) -> 0.07 | I7: =IF(F7<>"",F7*H7,0) -> 29.2698 | J7: =IF(A7<>"",MONTH(A7),"") -> 11 | K7: =IF(A7<>"",YEAR(A7),"") -> 2025 | L7: =IF(COUNTIFS($C$3:C7,C7,$J$3:J7,J7,$K$3:K7,K7)=1,1,0) -> 1
A8: 45973 | B8: BDL00006547 | C8: LECLERC SOCAMAINE SAS FONDIS | D8: =IF(C8<>"",VLOOKUP(C8,ENSEIGNES!$B$2:$D971,2,FALSE),"") -> Direct | E8: =IF(C8<>"",VLOOKUP(C8,ENSEIGNES!$B$2:$D971,3,FALSE),"") -> CAP FRAIS | F8: 464 | G8: =F8*(1+5.5%) -> 489.52 | H8: =IF(D8="Direct",PARAMETRES!$C$20,IF(D8="Centrale",PARAMETRES!$C$21,0)) -> 0.07 | I8: =IF(F8<>"",F8*H8,0) -> 32.48 | J8: =IF(A8<>"",MONTH(A8),"") -> 11 | K8: =IF(A8<>"",YEAR(A8),"") -> 2025 | L8: =IF(COUNTIFS($C$3:C8,C8,$J$3:J8,J8,$K$3:K8,K8)=1,1,0) -> 1
A9: 45973 | B9: BDL00006546 | C9: SU NANTES CHENAIE (SAS EXPAN) CARQUEFOU | D9: =IF(C9<>"",VLOOKUP(C9,ENSEIGNES!$B$2:$D971,2,FALSE),"") -> Direct | E9: =IF(C9<>"",VLOOKUP(C9,ENSEIGNES!$B$2:$D971,3,FALSE),"") -> CAP FRAIS | F9: 361.92 | G9: =F9*(1+5.5%) -> 381.8256 | H9: =IF(D9="Direct",PARAMETRES!$C$20,IF(D9="Centrale",PARAMETRES!$C$21,0)) -> 0.07 | I9: =IF(F9<>"",F9*H9,0) -> 25.3344 | J9: =IF(A9<>"",MONTH(A9),"") -> 11 | K9: =IF(A9<>"",YEAR(A9),"") -> 2025 | L9: =IF(COUNTIFS($C$3:C9,C9,$J$3:J9,J9,$K$3:K9,K9)=1,1,0) -> 1
A10: 45975 | B10: BDL00006585 | C10: LECLERC OLONNE SUR MER (SODILONNE) | D10: =IF(C10<>"",VLOOKUP(C10,ENSEIGNES!$B$2:$D971,2,FALSE),"") -> Direct | E10: =IF(C10<>"",VLOOKUP(C10,ENSEIGNES!$B$2:$D971,3,FALSE),"") -> CAP FRAIS | F10: 487.2 | G10: =F10*(1+5.5%) -> 513.996 | H10: =IF(D10="Direct",PARAMETRES!$C$20,IF(D10="Centrale",PARAMETRES!$C$21,0)) -> 0.07 | I10: =IF(F10<>"",F10*H10,0) -> 34.104 | J10: =IF(A10<>"",MONTH(A10),"") -> 11 | K10: =IF(A10<>"",YEAR(A10),"") -> 2025 | L10: =IF(COUNTIFS($C$3:C10,C10,$J$3:J10,J10,$K$3:K10,K10)=1,1,0) -> 1
A11: 45975 | B11: BDL00006584 | C11: SCAOUEST | D11: =IF(C11<>"",VLOOKUP(C11,ENSEIGNES!$B$2:$D971,2,FALSE),"") -> Centrale | E11: =IF(C11<>"",VLOOKUP(C11,ENSEIGNES!$B$2:$D971,3,FALSE),"") -> CAP FRAIS | F11: 556.8 | G11: =F11*(1+5.5%) -> 587.424 | H11: =IF(D11="Direct",PARAMETRES!$C$20,IF(D11="Centrale",PARAMETRES!$C$21,0)) -> 0.05 | I11: =IF(F11<>"",F11*H11,0) -> 27.84 | J11: =IF(A11<>"",MONTH(A11),"") -> 11 | K11: =IF(A11<>"",YEAR(A11),"") -> 2025 | L11: =IF(COUNTIFS($C$3:C11,C11,$J$3:J11,J11,$K$3:K11,K11)=1,1,0) -> 0
A12: 45975 | B12: BDL00006581 | C12: HYPER U LES HERBIERS ( SAS EXAGONE) | D12: =IF(C12<>"",VLOOKUP(C12,ENSEIGNES!$B$2:$D971,2,FALSE),"") -> Direct | E12: =IF(C12<>"",VLOOKUP(C12,ENSEIGNES!$B$2:$D971,3,FALSE),"") -> CAP FRAIS | F12: 709.92 | G12: =F12*(1+5.5%) -> 748.9656 | H12: =IF(D12="Direct",PARAMETRES!$C$20,IF(D12="Centrale",PARAMETRES!$C$21,0)) -> 0.07 | I12: =IF(F12<>"",F12*H12,0) -> 49.6944 | J12: =IF(A12<>"",MONTH(A12),"") -> 11 | K12: =IF(A12<>"",YEAR(A12),"") -> 2025 | L12: =IF(COUNTIFS($C$3:C12,C12,$J$3:J12,J12,$K$3:K12,K12)=1,1,0) -> 1
A13: 45975 | B13: BDL00006569 | C13: SAS PARIS DISTRIBUTION | D13: =IF(C13<>"",VLOOKUP(C13,ENSEIGNES!$B$2:$D971,2,FALSE),"") -> Direct | E13: =IF(C13<>"",VLOOKUP(C13,ENSEIGNES!$B$2:$D971,3,FALSE),"") -> CAP FRAIS | F13: 719.2 | G13: =F13*(1+5.5%) -> 758.756 | H13: =IF(D13="Direct",PARAMETRES!$C$20,IF(D13="Centrale",PARAMETRES!$C$21,0)) -> 0.07 | I13: =IF(F13<>"",F13*H13,0) -> 50.344 | J13: =IF(A13<>"",MONTH(A13),"") -> 11 | K13: =IF(A13<>"",YEAR(A13),"") -> 2025 | L13: =IF(COUNTIFS($C$3:C13,C13,$J$3:J13,J13,$K$3:K13,K13)=1,1,0) -> 1
A14: 45975 | B14: BDL00006580 | C14: U EXPRESS RENNES HOCHE ( SAS LES CONQUERANTS ) | D14: =IF(C14<>"",VLOOKUP(C14,ENSEIGNES!$B$2:$D971,2,FALSE),"") -> Direct | E14: =IF(C14<>"",VLOOKUP(C14,ENSEIGNES!$B$2:$D971,3,FALSE),"") -> CAP FRAIS | F14: 454.72 | G14: =F14*(1+5.5%) -> 479.7296 | H14: =IF(D14="Direct",PARAMETRES!$C$20,IF(D14="Centrale",PARAMETRES!$C$21,0)) -> 0.07 | I14: =IF(F14<>"",F14*H14,0) -> 31.8304 | J14: =IF(A14<>"",MONTH(A14),"") -> 11 | K14: =IF(A14<>"",YEAR(A14),"") -> 2025 | L14: =IF(COUNTIFS($C$3:C14,C14,$J$3:J14,J14,$K$3:K14,K14)=1,1,0) -> 0
A15: 45979 | B15: BDL00006591 | C15: SCAOUEST | D15: =IF(C15<>"",VLOOKUP(C15,ENSEIGNES!$B$2:$D971,2,FALSE),"") -> Centrale | E15: =IF(C15<>"",VLOOKUP(C15,ENSEIGNES!$B$2:$D971,3,FALSE),"") -> CAP FRAIS | F15: 431.52 | G15: =F15*(1+5.5%) -> 455.2536 | H15: =IF(D15="Direct",PARAMETRES!$C$20,IF(D15="Centrale",PARAMETRES!$C$21,0)) -> 0.05 | I15: =IF(F15<>"",F15*H15,0) -> 21.576 | J15: =IF(A15<>"",MONTH(A15),"") -> 11 | K15: =IF(A15<>"",YEAR(A15),"") -> 2025 | L15: =IF(COUNTIFS($C$3:C15,C15,$J$3:J15,J15,$K$3:K15,K15)=1,1,0) -> 0
A16: 45981 | B16: BDL00006616 | C16: AUCHAN HYPERMARCHE AVRILLE - SAS JUIGNEDIS (SAS) | D16: =IF(C16<>"",VLOOKUP(C16,ENSEIGNES!$B$2:$D971,2,FALSE),"") -> Direct | E16: =IF(C16<>"",VLOOKUP(C16,ENSEIGNES!$B$2:$D971,3,FALSE),"") -> CAP FRAIS | F16: 412.96 | G16: =F16*(1+5.5%) -> 435.6728 | H16: =IF(D16="Direct",PARAMETRES!$C$20,IF(D16="Centrale",PARAMETRES!$C$21,0)) -> 0.07 | I16: =IF(F16<>"",F16*H16,0) -> 28.9072 | J16: =IF(A16<>"",MONTH(A16),"") -> 11 | K16: =IF(A16<>"",YEAR(A16),"") -> 2025 | L16: =IF(COUNTIFS($C$3:C16,C16,$J$3:J16,J16,$K$3:K16,K16)=1,1,0) -> 1
A17: 45981 | B17: BDL00006615 | C17: LES PLATANES - ITM ROCHEFORT (SAS) | D17: =IF(C17<>"",VLOOKUP(C17,ENSEIGNES!$B$2:$D971,2,FALSE),"") -> Direct | E17: =IF(C17<>"",VLOOKUP(C17,ENSEIGNES!$B$2:$D971,3,FALSE),"") -> CAP FRAIS | F17: 375.84 | G17: =F17*(1+5.5%) -> 396.5112 | H17: =IF(D17="Direct",PARAMETRES!$C$20,IF(D17="Centrale",PARAMETRES!$C$21,0)) -> 0.07 | I17: =IF(F17<>"",F17*H17,0) -> 26.3088 | J17: =IF(A17<>"",MONTH(A17),"") -> 11 | K17: =IF(A17<>"",YEAR(A17),"") -> 2025 | L17: =IF(COUNTIFS($C$3:C17,C17,$J$3:J17,J17,$K$3:K17,K17)=1,1,0) -> 1
A18: 45987 | B18: BDL00006651 | C18: SCAOUEST | D18: =IF(C18<>"",VLOOKUP(C18,ENSEIGNES!$B$2:$D971,2,FALSE),"") -> Centrale | E18: =IF(C18<>"",VLOOKUP(C18,ENSEIGNES!$B$2:$D971,3,FALSE),"") -> CAP FRAIS | F18: 357.28 | G18: =F18*(1+5.5%) -> 376.9304 | H18: =IF(D18="Direct",PARAMETRES!$C$20,IF(D18="Centrale",PARAMETRES!$C$21,0)) -> 0.05 | I18: =IF(F18<>"",F18*H18,0) -> 17.864 | J18: =IF(A18<>"",MONTH(A18),"") -> 11 | K18: =IF(A18<>"",YEAR(A18),"") -> 2025 | L18: =IF(COUNTIFS($C$3:C18,C18,$J$3:J18,J18,$K$3:K18,K18)=1,1,0) -> 0
A19: 45987 | B19: BDL00006650 | C19: RENOUEST ( E.LECLERC RENNES ) (SAS) | D19: =IF(C19<>"",VLOOKUP(C19,ENSEIGNES!$B$2:$D971,2,FALSE),"") -> Direct | E19: =IF(C19<>"",VLOOKUP(C19,ENSEIGNES!$B$2:$D971,3,FALSE),"") -> CAP FRAIS | F19: 418.14 | G19: =F19*(1+5.5%) -> 441.1377 | H19: =IF(D19="Direct",PARAMETRES!$C$20,IF(D19="Centrale",PARAMETRES!$C$21,0)) -> 0.07 | I19: =IF(F19<>"",F19*H19,0) -> 29.2698 | J19: =IF(A19<>"",MONTH(A19),"") -> 11 | K19: =IF(A19<>"",YEAR(A19),"") -> 2025 | L19: =IF(COUNTIFS($C$3:C19,C19,$J$3:J19,J19,$K$3:K19,K19)=1,1,0) -> 0
A20: 45989 | B20: BDL00006673 | C20: SCAOUEST | D20: =IF(C20<>"",VLOOKUP(C20,ENSEIGNES!$B$2:$D971,2,FALSE),"") -> Centrale | E20: =IF(C20<>"",VLOOKUP(C20,ENSEIGNES!$B$2:$D971,3,FALSE),"") -> CAP FRAIS | F20: 728.48 | G20: =F20*(1+5.5%) -> 768.5464 | H20: =IF(D20="Direct",PARAMETRES!$C$20,IF(D20="Centrale",PARAMETRES!$C$21,0)) -> 0.05 | I20: =IF(F20<>"",F20*H20,0) -> 36.424 | J20: =IF(A20<>"",MONTH(A20),"") -> 11 | K20: =IF(A20<>"",YEAR(A20),"") -> 2025 | L20: =IF(COUNTIFS($C$3:C20,C20,$J$3:J20,J20,$K$3:K20,K20)=1,1,0) -> 0
A21: 45993 | B21: BDL00006675 | C21: SCAOUEST | D21: =IF(C21<>"",VLOOKUP(C21,ENSEIGNES!$B$2:$D971,2,FALSE),"") -> Centrale | E21: =IF(C21<>"",VLOOKUP(C21,ENSEIGNES!$B$2:$D971,3,FALSE),"") -> CAP FRAIS | F21: 464 | G21: =F21*(1+5.5%) -> 489.52 | H21: =IF(D21="Direct",PARAMETRES!$C$20,IF(D21="Centrale",PARAMETRES!$C$21,0)) -> 0.05 | I21: =IF(F21<>"",F21*H21,0) -> 23.2 | J21: =IF(A21<>"",MONTH(A21),"") -> 12 | K21: =IF(A21<>"",YEAR(A21),"") -> 2025 | L21: =IF(COUNTIFS($C$3:C21,C21,$J$3:J21,J21,$K$3:K21,K21)=1,1,0) -> 1
A22: 45994 | B22: BDL00006696 | C22: SAS PARIS DISTRIBUTION | D22: =IF(C22<>"",VLOOKUP(C22,ENSEIGNES!$B$2:$D971,2,FALSE),"") -> Direct | E22: =IF(C22<>"",VLOOKUP(C22,ENSEIGNES!$B$2:$D971,3,FALSE),"") -> CAP FRAIS | F22: 812 | G22: =F22*(1+5.5%) -> 856.66 | H22: =IF(D22="Direct",PARAMETRES!$C$20,IF(D22="Centrale",PARAMETRES!$C$21,0)) -> 0.07 | I22: =IF(F22<>"",F22*H22,0) -> 56.84 | J22: =IF(A22<>"",MONTH(A22),"") -> 12 | K22: =IF(A22<>"",YEAR(A22),"") -> 2025 | L22: =IF(COUNTIFS($C$3:C22,C22,$J$3:J22,J22,$K$3:K22,K22)=1,1,0) -> 1
A23: 45995 | B23: BDL00006703 | C23: SCAOUEST | D23: =IF(C23<>"",VLOOKUP(C23,ENSEIGNES!$B$2:$D971,2,FALSE),"") -> Centrale | E23: =IF(C23<>"",VLOOKUP(C23,ENSEIGNES!$B$2:$D971,3,FALSE),"") -> CAP FRAIS | F23: 464 | G23: =F23*(1+5.5%) -> 489.52 | H23: =IF(D23="Direct",PARAMETRES!$C$20,IF(D23="Centrale",PARAMETRES!$C$21,0)) -> 0.05 | I23: =IF(F23<>"",F23*H23,0) -> 23.2 | J23: =IF(A23<>"",MONTH(A23),"") -> 12 | K23: =IF(A23<>"",YEAR(A23),"") -> 2025 | L23: =IF(COUNTIFS($C$3:C23,C23,$J$3:J23,J23,$K$3:K23,K23)=1,1,0) -> 0
A24: 46010 | B24: BDL00006792 | C24: SCAOUEST | D24: =IF(C24<>"",VLOOKUP(C24,ENSEIGNES!$B$2:$D971,2,FALSE),"") -> Centrale | E24: =IF(C24<>"",VLOOKUP(C24,ENSEIGNES!$B$2:$D971,3,FALSE),"") -> CAP FRAIS | F24: 635.68 | G24: =F24*(1+5.5%) -> 670.6424 | H24: =IF(D24="Direct",PARAMETRES!$C$20,IF(D24="Centrale",PARAMETRES!$C$21,0)) -> 0.05 | I24: =IF(F24<>"",F24*H24,0) -> 31.784 | J24: =IF(A24<>"",MONTH(A24),"") -> 12 | K24: =IF(A24<>"",YEAR(A24),"") -> 2025 | L24: =IF(COUNTIFS($C$3:C24,C24,$J$3:J24,J24,$K$3:K24,K24)=1,1,0) -> 0
A25: 46022 | B25: BDL00006852 | C25: U EXPRESS RENNES HOCHE ( SAS LES CONQUERANTS ) | D25: =IF(C25<>"",VLOOKUP(C25,ENSEIGNES!$B$2:$D971,2,FALSE),"") -> Direct | E25: =IF(C25<>"",VLOOKUP(C25,ENSEIGNES!$B$2:$D971,3,FALSE),"") -> CAP FRAIS | F25: 459.36 | G25: =F25*(1+5.5%) -> 484.6248 | H25: =IF(D25="Direct",PARAMETRES!$C$20,IF(D25="Centrale",PARAMETRES!$C$21,0)) -> 0.07 | I25: =IF(F25<>"",F25*H25,0) -> 32.1552 | J25: =IF(A25<>"",MONTH(A25),"") -> 12 | K25: =IF(A25<>"",YEAR(A25),"") -> 2025 | L25: =IF(COUNTIFS($C$3:C25,C25,$J$3:J25,J25,$K$3:K25,K25)=1,1,0) -> 1
A26: 46034 | B26: BDL00006917 | C26: LECLERC FLEURY LES AUBRAIS (SOCAMAINE) | D26: =IF(C26<>"",VLOOKUP(C26,ENSEIGNES!$B$2:$D971,2,FALSE),"") -> Direct | E26: =IF(C26<>"",VLOOKUP(C26,ENSEIGNES!$B$2:$D971,3,FALSE),"") -> CAP FRAIS | F26: 457.12 | G26: =F26*(1+5.5%) -> 482.2616 | H26: =IF(D26="Direct",PARAMETRES!$C$20,IF(D26="Centrale",PARAMETRES!$C$21,0)) -> 0.07 | I26: =IF(F26<>"",F26*H26,0) -> 31.9984 | J26: =IF(A26<>"",MONTH(A26),"") -> 1 | K26: =IF(A26<>"",YEAR(A26),"") -> 2026 | L26: =IF(COUNTIFS($C$3:C26,C26,$J$3:J26,J26,$K$3:K26,K26)=1,1,0) -> 1
A27: 46034 | B27: BDL00006918 | C27: SCAOUEST | D27: =IF(C27<>"",VLOOKUP(C27,ENSEIGNES!$B$2:$D971,2,FALSE),"") -> Centrale | E27: =IF(C27<>"",VLOOKUP(C27,ENSEIGNES!$B$2:$D971,3,FALSE),"") -> CAP FRAIS | F27: 431.52 | G27: =F27*(1+5.5%) -> 455.2536 | H27: =IF(D27="Direct",PARAMETRES!$C$20,IF(D27="Centrale",PARAMETRES!$C$21,0)) -> 0.05 | I27: =IF(F27<>"",F27*H27,0) -> 21.576 | J27: =IF(A27<>"",MONTH(A27),"") -> 1 | K27: =IF(A27<>"",YEAR(A27),"") -> 2026 | L27: =IF(COUNTIFS($C$3:C27,C27,$J$3:J27,J27,$K$3:K27,K27)=1,1,0) -> 1
A28: 46037 | B28: BDL00006946 | C28: SODICHAL - HYPER U CHALLANS (SAS) | D28: =IF(C28<>"",VLOOKUP(C28,ENSEIGNES!$B$2:$D971,2,FALSE),"") -> Direct | E28: =IF(C28<>"",VLOOKUP(C28,ENSEIGNES!$B$2:$D971,3,FALSE),"") -> CAP FRAIS | F28: 450.08 | G28: =F28*(1+5.5%) -> 474.8344 | H28: =IF(D28="Direct",PARAMETRES!$C$20,IF(D28="Centrale",PARAMETRES!$C$21,0)) -> 0.07 | I28: =IF(F28<>"",F28*H28,0) -> 31.5056 | J28: =IF(A28<>"",MONTH(A28),"") -> 1 | K28: =IF(A28<>"",YEAR(A28),"") -> 2026 | L28: =IF(COUNTIFS($C$3:C28,C28,$J$3:J28,J28,$K$3:K28,K28)=1,1,0) -> 1
A29: 46037 | B29: BDL00006947 | C29: SOBODIS DISTRIBUTION U EXPRESS NANTES PETIT PORT(SAS) | D29: =IF(C29<>"",VLOOKUP(C29,ENSEIGNES!$B$2:$D971,2,FALSE),"") -> Direct | E29: =IF(C29<>"",VLOOKUP(C29,ENSEIGNES!$B$2:$D971,3,FALSE),"") -> CAP FRAIS | F29: 366.56 | G29: =F29*(1+5.5%) -> 386.7208 | H29: =IF(D29="Direct",PARAMETRES!$C$20,IF(D29="Centrale",PARAMETRES!$C$21,0)) -> 0.07 | I29: =IF(F29<>"",F29*H29,0) -> 25.6592 | J29: =IF(A29<>"",MONTH(A29),"") -> 1 | K29: =IF(A29<>"",YEAR(A29),"") -> 2026 | L29: =IF(COUNTIFS($C$3:C29,C29,$J$3:J29,J29,$K$3:K29,K29)=1,1,0) -> 1
A30: 46039 | B30: BDL00006959 | C30: SCAOUEST | D30: =IF(C30<>"",VLOOKUP(C30,ENSEIGNES!$B$2:$D971,2,FALSE),"") -> Centrale | E30: =IF(C30<>"",VLOOKUP(C30,ENSEIGNES!$B$2:$D971,3,FALSE),"") -> CAP FRAIS | F30: 812 | G30: =F30*(1+5.5%) -> 856.66 | H30: =IF(D30="Direct",PARAMETRES!$C$20,IF(D30="Centrale",PARAMETRES!$C$21,0)) -> 0.05 | I30: =IF(F30<>"",F30*H30,0) -> 40.6 | J30: =IF(A30<>"",MONTH(A30),"") -> 1 | K30: =IF(A30<>"",YEAR(A30),"") -> 2026 | L30: =IF(COUNTIFS($C$3:C30,C30,$J$3:J30,J30,$K$3:K30,K30)=1,1,0) -> 0
A31: 46039 | B31: BDL00006962 | C31: OTERA SAS | D31: =IF(C31<>"",VLOOKUP(C31,ENSEIGNES!$B$2:$D971,2,FALSE),"") -> Centrale | E31: =IF(C31<>"",VLOOKUP(C31,ENSEIGNES!$B$2:$D971,3,FALSE),"") -> CAP FRAIS | F31: 361.92 | G31: =F31*(1+5.5%) -> 381.8256 | H31: =IF(D31="Direct",PARAMETRES!$C$20,IF(D31="Centrale",PARAMETRES!$C$21,0)) -> 0.05 | I31: =IF(F31<>"",F31*H31,0) -> 18.096 | J31: =IF(A31<>"",MONTH(A31),"") -> 1 | K31: =IF(A31<>"",YEAR(A31),"") -> 2026 | L31: =IF(COUNTIFS($C$3:C31,C31,$J$3:J31,J31,$K$3:K31,K31)=1,1,0) -> 1
A32: 46042 | B32: BDL00006960 | C32: SCAOUEST | D32: =IF(C32<>"",VLOOKUP(C32,ENSEIGNES!$B$2:$D971,2,FALSE),"") -> Centrale | E32: =IF(C32<>"",VLOOKUP(C32,ENSEIGNES!$B$2:$D971,3,FALSE),"") -> CAP FRAIS | F32: 491.84 | G32: =F32*(1+5.5%) -> 518.8912 | H32: =IF(D32="Direct",PARAMETRES!$C$20,IF(D32="Centrale",PARAMETRES!$C$21,0)) -> 0.05 | I32: =IF(F32<>"",F32*H32,0) -> 24.592 | J32: =IF(A32<>"",MONTH(A32),"") -> 1 | K32: =IF(A32<>"",YEAR(A32),"") -> 2026 | L32: =IF(COUNTIFS($C$3:C32,C32,$J$3:J32,J32,$K$3:K32,K32)=1,1,0) -> 0
A33: 46043 | B33: BDL00006989 | C33: LES PLATANES - ITM ROCHEFORT (SAS) | D33: =IF(C33<>"",VLOOKUP(C33,ENSEIGNES!$B$2:$D971,2,FALSE),"") -> Direct | E33: =IF(C33<>"",VLOOKUP(C33,ENSEIGNES!$B$2:$D971,3,FALSE),"") -> CAP FRAIS | F33: 417.6 | G33: =F33*(1+5.5%) -> 440.568 | H33: =IF(D33="Direct",PARAMETRES!$C$20,IF(D33="Centrale",PARAMETRES!$C$21,0)) -> 0.07 | I33: =IF(F33<>"",F33*H33,0) -> 29.232 | J33: =IF(A33<>"",MONTH(A33),"") -> 1 | K33: =IF(A33<>"",YEAR(A33),"") -> 2026 | L33: =IF(COUNTIFS($C$3:C33,C33,$J$3:J33,J33,$K$3:K33,K33)=1,1,0) -> 1
A34: 46045 | B34: BDL00006996 | C34: SODICHAL - HYPER U CHALLANS (SAS) | D34: =IF(C34<>"",VLOOKUP(C34,ENSEIGNES!$B$2:$D971,2,FALSE),"") -> Direct | E34: =IF(C34<>"",VLOOKUP(C34,ENSEIGNES!$B$2:$D971,3,FALSE),"") -> CAP FRAIS | F34: 547.52 | G34: =F34*(1+5.5%) -> 577.6336 | H34: =IF(D34="Direct",PARAMETRES!$C$20,IF(D34="Centrale",PARAMETRES!$C$21,0)) -> 0.07 | I34: =IF(F34<>"",F34*H34,0) -> 38.3264 | J34: =IF(A34<>"",MONTH(A34),"") -> 1 | K34: =IF(A34<>"",YEAR(A34),"") -> 2026 | L34: =IF(COUNTIFS($C$3:C34,C34,$J$3:J34,J34,$K$3:K34,K34)=1,1,0) -> 0
A35: 46045 | B35: BDL00006995 | C35: U EXPRESS RENNES HOCHE ( SAS LES CONQUERANTS ) | D35: =IF(C35<>"",VLOOKUP(C35,ENSEIGNES!$B$2:$D971,2,FALSE),"") -> Direct | E35: =IF(C35<>"",VLOOKUP(C35,ENSEIGNES!$B$2:$D971,3,FALSE),"") -> CAP FRAIS | F35: 139.2 | G35: =F35*(1+5.5%) -> 146.856 | H35: =IF(D35="Direct",PARAMETRES!$C$20,IF(D35="Centrale",PARAMETRES!$C$21,0)) -> 0.07 | I35: =IF(F35<>"",F35*H35,0) -> 9.744 | J35: =IF(A35<>"",MONTH(A35),"") -> 1 | K35: =IF(A35<>"",YEAR(A35),"") -> 2026 | L35: =IF(COUNTIFS($C$3:C35,C35,$J$3:J35,J35,$K$3:K35,K35)=1,1,0) -> 1
A36: 46049 | B36: BDL00007027 | C36: SCAOUEST | D36: =IF(C36<>"",VLOOKUP(C36,ENSEIGNES!$B$2:$D971,2,FALSE),"") -> Centrale | E36: =IF(C36<>"",VLOOKUP(C36,ENSEIGNES!$B$2:$D971,3,FALSE),"") -> CAP FRAIS | F36: 450.08 | G36: =F36*(1+5.5%) -> 474.8344 | H36: =IF(D36="Direct",PARAMETRES!$C$20,IF(D36="Centrale",PARAMETRES!$C$21,0)) -> 0.05 | I36: =IF(F36<>"",F36*H36,0) -> 22.504 | J36: =IF(A36<>"",MONTH(A36),"") -> 1 | K36: =IF(A36<>"",YEAR(A36),"") -> 2026 | L36: =IF(COUNTIFS($C$3:C36,C36,$J$3:J36,J36,$K$3:K36,K36)=1,1,0) -> 0
A37: 46050 | B37: BDL00007045 | C37: SODICHAL - HYPER U CHALLANS (SAS) | D37: =IF(C37<>"",VLOOKUP(C37,ENSEIGNES!$B$2:$D971,2,FALSE),"") -> Direct | E37: =IF(C37<>"",VLOOKUP(C37,ENSEIGNES!$B$2:$D971,3,FALSE),"") -> CAP FRAIS | F37: 1127.52 | G37: =F37*(1+5.5%) -> 1189.5336 | H37: =IF(D37="Direct",PARAMETRES!$C$20,IF(D37="Centrale",PARAMETRES!$C$21,0)) -> 0.07 | I37: =IF(F37<>"",F37*H37,0) -> 78.9264 | J37: =IF(A37<>"",MONTH(A37),"") -> 1 | K37: =IF(A37<>"",YEAR(A37),"") -> 2026 | L37: =IF(COUNTIFS($C$3:C37,C37,$J$3:J37,J37,$K$3:K37,K37)=1,1,0) -> 0
A38: 46050 | B38: BDL00007046 | C38: SCAOUEST | D38: =IF(C38<>"",VLOOKUP(C38,ENSEIGNES!$B$2:$D971,2,FALSE),"") -> Centrale | E38: =IF(C38<>"",VLOOKUP(C38,ENSEIGNES!$B$2:$D971,3,FALSE),"") -> CAP FRAIS | F38: 830.56 | G38: =F38*(1+5.5%) -> 876.2408 | H38: =IF(D38="Direct",PARAMETRES!$C$20,IF(D38="Centrale",PARAMETRES!$C$21,0)) -> 0.05 | I38: =IF(F38<>"",F38*H38,0) -> 41.528 | J38: =IF(A38<>"",MONTH(A38),"") -> 1 | K38: =IF(A38<>"",YEAR(A38),"") -> 2026 | L38: =IF(COUNTIFS($C$3:C38,C38,$J$3:J38,J38,$K$3:K38,K38)=1,1,0) -> 0
A39: 46052 | B39: BDL00007078 | C39: OTERA SAS | D39: =IF(C39<>"",VLOOKUP(C39,ENSEIGNES!$B$2:$D971,2,FALSE),"") -> Centrale | E39: =IF(C39<>"",VLOOKUP(C39,ENSEIGNES!$B$2:$D971,3,FALSE),"") -> CAP FRAIS | F39: 394.4 | G39: =F39*(1+5.5%) -> 416.092 | H39: =IF(D39="Direct",PARAMETRES!$C$20,IF(D39="Centrale",PARAMETRES!$C$21,0)) -> 0.05 | I39: =IF(F39<>"",F39*H39,0) -> 19.72 | J39: =IF(A39<>"",MONTH(A39),"") -> 1 | K39: =IF(A39<>"",YEAR(A39),"") -> 2026 | L39: =IF(COUNTIFS($C$3:C39,C39,$J$3:J39,J39,$K$3:K39,K39)=1,1,0) -> 0
A40: 46043 | B40: BDL00006992 | C40: HYPER U LES HERBIERS ( SAS EXAGONE) | D40: =IF(C40<>"",VLOOKUP(C40,ENSEIGNES!$B$2:$D971,2,FALSE),"") -> Direct | E40: =IF(C40<>"",VLOOKUP(C40,ENSEIGNES!$B$2:$D971,3,FALSE),"") -> CAP FRAIS | F40: 477.92 | G40: =F40*(1+5.5%) -> 504.2056 | H40: =IF(D40="Direct",PARAMETRES!$C$20,IF(D40="Centrale",PARAMETRES!$C$21,0)) -> 0.07 | I40: =IF(F40<>"",F40*H40,0) -> 33.4544 | J40: =IF(A40<>"",MONTH(A40),"") -> 1 | K40: =IF(A40<>"",YEAR(A40),"") -> 2026 | L40: =IF(COUNTIFS($C$3:C40,C40,$J$3:J40,J40,$K$3:K40,K40)=1,1,0) -> 1
A41: 46056 | B41: BDL00007093 | C41: LECLERC CERNAY | D41: =IF(C41<>"",VLOOKUP(C41,ENSEIGNES!$B$2:$D971,2,FALSE),"") -> Direct | E41: =IF(C41<>"",VLOOKUP(C41,ENSEIGNES!$B$2:$D971,3,FALSE),"") -> BROCARD | F41: 412.96 | G41: =F41*(1+5.5%) -> 435.6728 | H41: =IF(D41="Direct",PARAMETRES!$C$20,IF(D41="Centrale",PARAMETRES!$C$21,0)) -> 0.07 | I41: =IF(F41<>"",F41*H41,0) -> 28.9072 | J41: =IF(A41<>"",MONTH(A41),"") -> 2 | K41: =IF(A41<>"",YEAR(A41),"") -> 2026 | L41: =IF(COUNTIFS($C$3:C41,C41,$J$3:J41,J41,$K$3:K41,K41)=1,1,0) -> 1
A42: 46057 | B42: BDL00007114 | C42: CARREFOUR BELGIQUE | D42: =IF(C42<>"",VLOOKUP(C42,ENSEIGNES!$B$2:$D971,2,FALSE),"") -> Centrale | E42: =IF(C42<>"",VLOOKUP(C42,ENSEIGNES!$B$2:$D971,3,FALSE),"") -> GMA GROUP | F42: 886.4 | G42: =F42*(1+5.5%) -> 935.152 | H42: =IF(D42="Direct",PARAMETRES!$C$20,IF(D42="Centrale",PARAMETRES!$C$21,0)) -> 0.05 | I42: =IF(F42<>"",F42*H42,0) -> 44.32 | J42: =IF(A42<>"",MONTH(A42),"") -> 2 | K42: =IF(A42<>"",YEAR(A42),"") -> 2026 | L42: =IF(COUNTIFS($C$3:C42,C42,$J$3:J42,J42,$K$3:K42,K42)=1,1,0) -> 1
A43: 46055 | B43: BDL00007087 | C43: CARREFOUR BELGIQUE | D43: =IF(C43<>"",VLOOKUP(C43,ENSEIGNES!$B$2:$D971,2,FALSE),"") -> Centrale | E43: =IF(C43<>"",VLOOKUP(C43,ENSEIGNES!$B$2:$D971,3,FALSE),"") -> GMA GROUP | F43: 1169.6 | G43: =F43*(1+5.5%) -> 1233.928 | H43: =IF(D43="Direct",PARAMETRES!$C$20,IF(D43="Centrale",PARAMETRES!$C$21,0)) -> 0.05 | I43: =IF(F43<>"",F43*H43,0) -> 58.48 | J43: =IF(A43<>"",MONTH(A43),"") -> 2 | K43: =IF(A43<>"",YEAR(A43),"") -> 2026 | L43: =IF(COUNTIFS($C$3:C43,C43,$J$3:J43,J43,$K$3:K43,K43)=1,1,0) -> 0
A44: 46048 | B44: BDL00007015 | C44: CARREFOUR BELGIQUE | D44: =IF(C44<>"",VLOOKUP(C44,ENSEIGNES!$B$2:$D971,2,FALSE),"") -> Centrale | E44: =IF(C44<>"",VLOOKUP(C44,ENSEIGNES!$B$2:$D971,3,FALSE),"") -> GMA GROUP | F44: 1267.2 | G44: =F44*(1+5.5%) -> 1336.896 | H44: =IF(D44="Direct",PARAMETRES!$C$20,IF(D44="Centrale",PARAMETRES!$C$21,0)) -> 0.05 | I44: =IF(F44<>"",F44*H44,0) -> 63.36 | J44: =IF(A44<>"",MONTH(A44),"") -> 1 | K44: =IF(A44<>"",YEAR(A44),"") -> 2026 | L44: =IF(COUNTIFS($C$3:C44,C44,$J$3:J44,J44,$K$3:K44,K44)=1,1,0) -> 1
A45: 46043 | B45: BDL00006979 | C45: CARREFOUR BELGIQUE | D45: =IF(C45<>"",VLOOKUP(C45,ENSEIGNES!$B$2:$D971,2,FALSE),"") -> Centrale | E45: =IF(C45<>"",VLOOKUP(C45,ENSEIGNES!$B$2:$D971,3,FALSE),"") -> GMA GROUP | F45: 1425.6 | G45: =F45*(1+5.5%) -> 1504.008 | H45: =IF(D45="Direct",PARAMETRES!$C$20,IF(D45="Centrale",PARAMETRES!$C$21,0)) -> 0.05 | I45: =IF(F45<>"",F45*H45,0) -> 71.28 | J45: =IF(A45<>"",MONTH(A45),"") -> 1 | K45: =IF(A45<>"",YEAR(A45),"") -> 2026 | L45: =IF(COUNTIFS($C$3:C45,C45,$J$3:J45,J45,$K$3:K45,K45)=1,1,0) -> 0
A46: 46041 | B46: BDL00006961 | C46: CARREFOUR BELGIQUE | D46: =IF(C46<>"",VLOOKUP(C46,ENSEIGNES!$B$2:$D971,2,FALSE),"") -> Centrale | E46: =IF(C46<>"",VLOOKUP(C46,ENSEIGNES!$B$2:$D971,3,FALSE),"") -> GMA GROUP | F46: 633.6 | G46: =F46*(1+5.5%) -> 668.448 | H46: =IF(D46="Direct",PARAMETRES!$C$20,IF(D46="Centrale",PARAMETRES!$C$21,0)) -> 0.05 | I46: =IF(F46<>"",F46*H46,0) -> 31.68 | J46: =IF(A46<>"",MONTH(A46),"") -> 1 | K46: =IF(A46<>"",YEAR(A46),"") -> 2026 | L46: =IF(COUNTIFS($C$3:C46,C46,$J$3:J46,J46,$K$3:K46,K46)=1,1,0) -> 0
A47: 46036 | B47: BDL00006927 | C47: CARREFOUR BELGIQUE | D47: =IF(C47<>"",VLOOKUP(C47,ENSEIGNES!$B$2:$D971,2,FALSE),"") -> Centrale | E47: =IF(C47<>"",VLOOKUP(C47,ENSEIGNES!$B$2:$D971,3,FALSE),"") -> GMA GROUP | F47: 1486.4 | H47: =IF(D47="Direct",PARAMETRES!$C$20,IF(D47="Centrale",PARAMETRES!$C$21,0)) -> 0.05 | I47: =IF(F47<>"",F47*H47,0) -> 74.32 | J47: =IF(A47<>"",MONTH(A47),"") -> 1 | K47: =IF(A47<>"",YEAR(A47),"") -> 2026 | L47: =IF(COUNTIFS($C$3:C47,C47,$J$3:J47,J47,$K$3:K47,K47)=1,1,0) -> 0
A48: 46027 | B48: BDL00006872 | C48: CARREFOUR BELGIQUE | D48: =IF(C48<>"",VLOOKUP(C48,ENSEIGNES!$B$2:$D971,2,FALSE),"") -> Centrale | E48: =IF(C48<>"",VLOOKUP(C48,ENSEIGNES!$B$2:$D971,3,FALSE),"") -> GMA GROUP | F48: 1425.6 | H48: =IF(D48="Direct",PARAMETRES!$C$20,IF(D48="Centrale",PARAMETRES!$C$21,0)) -> 0.05 | I48: =IF(F48<>"",F48*H48,0) -> 71.28 | J48: =IF(A48<>"",MONTH(A48),"") -> 1 | K48: =IF(A48<>"",YEAR(A48),"") -> 2026 | L48: =IF(COUNTIFS($C$3:C48,C48,$J$3:J48,J48,$K$3:K48,K48)=1,1,0) -> 0
A49: 46051 | B49: Réf. à BDL00007067 | C49: SCACHAP | D49: =IF(C49<>"",VLOOKUP(C49,ENSEIGNES!$B$2:$D971,2,FALSE),"") -> Centrale | E49: =IF(C49<>"",VLOOKUP(C49,ENSEIGNES!$B$2:$D971,3,FALSE),"") -> CAP FRAIS | F49: 334.64 | G49: =F49*(1+5.5%) -> 353.0452 | H49: =IF(D49="Direct",PARAMETRES!$C$20,IF(D49="Centrale",PARAMETRES!$C$21,0)) -> 0.05 | I49: =IF(F49<>"",F49*H49,0) -> 16.732 | J49: =IF(A49<>"",MONTH(A49),"") -> 1 | K49: =IF(A49<>"",YEAR(A49),"") -> 2026 | L49: =IF(COUNTIFS($C$3:C49,C49,$J$3:J49,J49,$K$3:K49,K49)=1,1,0) -> 1
A50: 46049 | B50: Réf. à BDL00007028 | C50: SCACHAP | D50: =IF(C50<>"",VLOOKUP(C50,ENSEIGNES!$B$2:$D971,2,FALSE),"") -> Centrale | E50: =IF(C50<>"",VLOOKUP(C50,ENSEIGNES!$B$2:$D971,3,FALSE),"") -> CAP FRAIS | F50: 473.12 | G50: =F50*(1+5.5%) -> 499.1416 | H50: =IF(D50="Direct",PARAMETRES!$C$20,IF(D50="Centrale",PARAMETRES!$C$21,0)) -> 0.05 | I50: =IF(F50<>"",F50*H50,0) -> 23.656 | J50: =IF(A50<>"",MONTH(A50),"") -> 1 | K50: =IF(A50<>"",YEAR(A50),"") -> 2026 | L50: =IF(COUNTIFS($C$3:C50,C50,$J$3:J50,J50,$K$3:K50,K50)=1,1,0) -> 0
A51: 46044 | B51: Réf. à BDL00007001 | C51: SCACHAP | D51: =IF(C51<>"",VLOOKUP(C51,ENSEIGNES!$B$2:$D971,2,FALSE),"") -> Centrale | E51: =IF(C51<>"",VLOOKUP(C51,ENSEIGNES!$B$2:$D971,3,FALSE),"") -> CAP FRAIS | F51: 461.58 | G51: =F51*(1+5.5%) -> 486.9669 | H51: =IF(D51="Direct",PARAMETRES!$C$20,IF(D51="Centrale",PARAMETRES!$C$21,0)) -> 0.05 | I51: =IF(F51<>"",F51*H51,0) -> 23.079 | J51: =IF(A51<>"",MONTH(A51),"") -> 1 | K51: =IF(A51<>"",YEAR(A51),"") -> 2026 | L51: =IF(COUNTIFS($C$3:C51,C51,$J$3:J51,J51,$K$3:K51,K51)=1,1,0) -> 0
A52: 46042 | B52: Réf. à BDL00006975 | C52: SCACHAP | D52: =IF(C52<>"",VLOOKUP(C52,ENSEIGNES!$B$2:$D971,2,FALSE),"") -> Centrale | E52: =IF(C52<>"",VLOOKUP(C52,ENSEIGNES!$B$2:$D971,3,FALSE),"") -> CAP FRAIS | F52: 438.5 | G52: =F52*(1+5.5%) -> 462.6175 | H52: =IF(D52="Direct",PARAMETRES!$C$20,IF(D52="Centrale",PARAMETRES!$C$21,0)) -> 0.05 | I52: =IF(F52<>"",F52*H52,0) -> 21.925 | J52: =IF(A52<>"",MONTH(A52),"") -> 1 | K52: =IF(A52<>"",YEAR(A52),"") -> 2026 | L52: =IF(COUNTIFS($C$3:C52,C52,$J$3:J52,J52,$K$3:K52,K52)=1,1,0) -> 0
A53: 46035 | B53: Réf. à BDL00006924 | C53: SCACHAP | D53: =IF(C53<>"",VLOOKUP(C53,ENSEIGNES!$B$2:$D971,2,FALSE),"") -> Centrale | E53: =IF(C53<>"",VLOOKUP(C53,ENSEIGNES!$B$2:$D971,3,FALSE),"") -> CAP FRAIS | F53: 296.18 | G53: =F53*(1+5.5%) -> 312.4699 | H53: =IF(D53="Direct",PARAMETRES!$C$20,IF(D53="Centrale",PARAMETRES!$C$21,0)) -> 0.05 | I53: =IF(F53<>"",F53*H53,0) -> 14.809 | J53: =IF(A53<>"",MONTH(A53),"") -> 1 | K53: =IF(A53<>"",YEAR(A53),"") -> 2026 | L53: =IF(COUNTIFS($C$3:C53,C53,$J$3:J53,J53,$K$3:K53,K53)=1,1,0) -> 0
A54: 46031 | B54: Réf. à BDL00006902 | C54: SCACHAP | D54: =IF(C54<>"",VLOOKUP(C54,ENSEIGNES!$B$2:$D971,2,FALSE),"") -> Centrale | E54: =IF(C54<>"",VLOOKUP(C54,ENSEIGNES!$B$2:$D971,3,FALSE),"") -> CAP FRAIS | F54: 773.14 | G54: =F54*(1+5.5%) -> 815.6627 | H54: =IF(D54="Direct",PARAMETRES!$C$20,IF(D54="Centrale",PARAMETRES!$C$21,0)) -> 0.05 | I54: =IF(F54<>"",F54*H54,0) -> 38.657 | J54: =IF(A54<>"",MONTH(A54),"") -> 1 | K54: =IF(A54<>"",YEAR(A54),"") -> 2026 | L54: =IF(COUNTIFS($C$3:C54,C54,$J$3:J54,J54,$K$3:K54,K54)=1,1,0) -> 0
A55: 46028 | B55: Réf. à BDL00006882 | C55: SCACHAP | D55: =IF(C55<>"",VLOOKUP(C55,ENSEIGNES!$B$2:$D971,2,FALSE),"") -> Centrale | E55: =IF(C55<>"",VLOOKUP(C55,ENSEIGNES!$B$2:$D971,3,FALSE),"") -> CAP FRAIS | F55: 419.27 | G55: =F55*(1+5.5%) -> 442.32985 | H55: =IF(D55="Direct",PARAMETRES!$C$20,IF(D55="Centrale",PARAMETRES!$C$21,0)) -> 0.05 | I55: =IF(F55<>"",F55*H55,0) -> 20.9635 | J55: =IF(A55<>"",MONTH(A55),"") -> 1 | K55: =IF(A55<>"",YEAR(A55),"") -> 2026 | L55: =IF(COUNTIFS($C$3:C55,C55,$J$3:J55,J55,$K$3:K55,K55)=1,1,0) -> 0
A56: 46051 | B56: BDL00007064 | C56: SAS TRYO - ITM SAINT LAURENT DU VAR | D56: =IF(C56<>"",VLOOKUP(C56,ENSEIGNES!$B$2:$D971,2,FALSE),"") -> Direct | E56: =IF(C56<>"",VLOOKUP(C56,ENSEIGNES!$B$2:$D971,3,FALSE),"") -> SCHLESSER | F56: 375.84 | G56: =F56*(1+5.5%) -> 396.5112 | H56: =IF(D56="Direct",PARAMETRES!$C$20,IF(D56="Centrale",PARAMETRES!$C$21,0)) -> 0.07 | I56: =IF(F56<>"",F56*H56,0) -> 26.3088 | J56: =IF(A56<>"",MONTH(A56),"") -> 1 | K56: =IF(A56<>"",YEAR(A56),"") -> 2026 | L56: =IF(COUNTIFS($C$3:C56,C56,$J$3:J56,J56,$K$3:K56,K56)=1,1,0) -> 1
A57: 46044 | B57: BDL00006997 | C57: SAS LORIENCE ITM TOULON | D57: =IF(C57<>"",VLOOKUP(C57,ENSEIGNES!$B$2:$D971,2,FALSE),"") -> Direct | E57: =IF(C57<>"",VLOOKUP(C57,ENSEIGNES!$B$2:$D971,3,FALSE),"") -> SCHLESSER | F57: 348 | G57: =F57*(1+5.5%) -> 367.14 | H57: =IF(D57="Direct",PARAMETRES!$C$20,IF(D57="Centrale",PARAMETRES!$C$21,0)) -> 0.07 | I57: =IF(F57<>"",F57*H57,0) -> 24.36 | J57: =IF(A57<>"",MONTH(A57),"") -> 1 | K57: =IF(A57<>"",YEAR(A57),"") -> 2026 | L57: =IF(COUNTIFS($C$3:C57,C57,$J$3:J57,J57,$K$3:K57,K57)=1,1,0) -> 1
A58: 46039 | B58: BDL00006967 | C58: SAS INTERMARCHE - ROURET | D58: =IF(C58<>"",VLOOKUP(C58,ENSEIGNES!$B$2:$D971,2,FALSE),"") -> Direct | E58: =IF(C58<>"",VLOOKUP(C58,ENSEIGNES!$B$2:$D971,3,FALSE),"") -> SCHLESSER | F58: 320.16 | G58: =F58*(1+5.5%) -> 337.7688 | H58: =IF(D58="Direct",PARAMETRES!$C$20,IF(D58="Centrale",PARAMETRES!$C$21,0)) -> 0.07 | I58: =IF(F58<>"",F58*H58,0) -> 22.4112 | J58: =IF(A58<>"",MONTH(A58),"") -> 1 | K58: =IF(A58<>"",YEAR(A58),"") -> 2026 | L58: =IF(COUNTIFS($C$3:C58,C58,$J$3:J58,J58,$K$3:K58,K58)=1,1,0) -> 1
A59: 46039 | B59: BDL00006968 | C59: SAS INTERMARCHE - PONT DES GARBES | D59: =IF(C59<>"",VLOOKUP(C59,ENSEIGNES!$B$2:$D971,2,FALSE),"") -> Direct | E59: =IF(C59<>"",VLOOKUP(C59,ENSEIGNES!$B$2:$D971,3,FALSE),"") -> SCHLESSER | F59: 320.16 | G59: =F59*(1+5.5%) -> 337.7688 | H59: =IF(D59="Direct",PARAMETRES!$C$20,IF(D59="Centrale",PARAMETRES!$C$21,0)) -> 0.07 | I59: =IF(F59<>"",F59*H59,0) -> 22.4112 | J59: =IF(A59<>"",MONTH(A59),"") -> 1 | K59: =IF(A59<>"",YEAR(A59),"") -> 2026 | L59: =IF(COUNTIFS($C$3:C59,C59,$J$3:J59,J59,$K$3:K59,K59)=1,1,0) -> 1
A60: 46024 | B60: BDL00006874 | C60: SCAPEST | D60: =IF(C60<>"",VLOOKUP(C60,ENSEIGNES!$B$2:$D971,2,FALSE),"") -> Centrale | E60: =IF(C60<>"",VLOOKUP(C60,ENSEIGNES!$B$2:$D971,3,FALSE),"") -> BROCARD | F60: 504.04 | G60: =F60*(1+5.5%) -> 531.7622 | H60: =IF(D60="Direct",PARAMETRES!$C$20,IF(D60="Centrale",PARAMETRES!$C$21,0)) -> 0.05 | I60: =IF(F60<>"",F60*H60,0) -> 25.202 | J60: =IF(A60<>"",MONTH(A60),"") -> 1 | K60: =IF(A60<>"",YEAR(A60),"") -> 2026 | L60: =IF(COUNTIFS($C$3:C60,C60,$J$3:J60,J60,$K$3:K60,K60)=1,1,0) -> 1
A61: 46024 | B61: BDL00006875 | C61: SCAPEST | D61: =IF(C61<>"",VLOOKUP(C61,ENSEIGNES!$B$2:$D971,2,FALSE),"") -> Centrale | E61: =IF(C61<>"",VLOOKUP(C61,ENSEIGNES!$B$2:$D971,3,FALSE),"") -> BROCARD | F61: 387.73 | G61: =F61*(1+5.5%) -> 409.05515 | H61: =IF(D61="Direct",PARAMETRES!$C$20,IF(D61="Centrale",PARAMETRES!$C$21,0)) -> 0.05 | I61: =IF(F61<>"",F61*H61,0) -> 19.3865 | J61: =IF(A61<>"",MONTH(A61),"") -> 1 | K61: =IF(A61<>"",YEAR(A61),"") -> 2026 | L61: =IF(COUNTIFS($C$3:C61,C61,$J$3:J61,J61,$K$3:K61,K61)=1,1,0) -> 0
A62: 46027 | B62: BDL00006879 | C62: SCAPEST | D62: =IF(C62<>"",VLOOKUP(C62,ENSEIGNES!$B$2:$D971,2,FALSE),"") -> Centrale | E62: =IF(C62<>"",VLOOKUP(C62,ENSEIGNES!$B$2:$D971,3,FALSE),"") -> BROCARD | F62: 258.48 | G62: =F62*(1+5.5%) -> 272.6964 | H62: =IF(D62="Direct",PARAMETRES!$C$20,IF(D62="Centrale",PARAMETRES!$C$21,0)) -> 0.05 | I62: =IF(F62<>"",F62*H62,0) -> 12.924 | J62: =IF(A62<>"",MONTH(A62),"") -> 1 | K62: =IF(A62<>"",YEAR(A62),"") -> 2026 | L62: =IF(COUNTIFS($C$3:C62,C62,$J$3:J62,J62,$K$3:K62,K62)=1,1,0) -> 0
A63: 46027 | B63: BDL00006880 | C63: SCAPEST | D63: =IF(C63<>"",VLOOKUP(C63,ENSEIGNES!$B$2:$D971,2,FALSE),"") -> Centrale | E63: =IF(C63<>"",VLOOKUP(C63,ENSEIGNES!$B$2:$D971,3,FALSE),"") -> BROCARD | F63: 249.87 | G63: =F63*(1+5.5%) -> 263.61285 | H63: =IF(D63="Direct",PARAMETRES!$C$20,IF(D63="Centrale",PARAMETRES!$C$21,0)) -> 0.05 | I63: =IF(F63<>"",F63*H63,0) -> 12.4935 | J63: =IF(A63<>"",MONTH(A63),"") -> 1 | K63: =IF(A63<>"",YEAR(A63),"") -> 2026 | L63: =IF(COUNTIFS($C$3:C63,C63,$J$3:J63,J63,$K$3:K63,K63)=1,1,0) -> 0
A64: 46027 | B64: BDL00006881 | C64: SCAPEST | D64: =IF(C64<>"",VLOOKUP(C64,ENSEIGNES!$B$2:$D971,2,FALSE),"") -> Centrale | E64: =IF(C64<>"",VLOOKUP(C64,ENSEIGNES!$B$2:$D971,3,FALSE),"") -> BROCARD | F64: 176.63 | G64: =F64*(1+5.5%) -> 186.34465 | H64: =IF(D64="Direct",PARAMETRES!$C$20,IF(D64="Centrale",PARAMETRES!$C$21,0)) -> 0.05 | I64: =IF(F64<>"",F64*H64,0) -> 8.8315 | J64: =IF(A64<>"",MONTH(A64),"") -> 1 | K64: =IF(A64<>"",YEAR(A64),"") -> 2026 | L64: =IF(COUNTIFS($C$3:C64,C64,$J$3:J64,J64,$K$3:K64,K64)=1,1,0) -> 0
A65: 46030 | B65: BDL00006900 | C65: SCAPEST | D65: =IF(C65<>"",VLOOKUP(C65,ENSEIGNES!$B$2:$D971,2,FALSE),"") -> Centrale | E65: =IF(C65<>"",VLOOKUP(C65,ENSEIGNES!$B$2:$D971,3,FALSE),"") -> BROCARD | F65: 715.14 | G65: =F65*(1+5.5%) -> 754.4727 | H65: =IF(D65="Direct",PARAMETRES!$C$20,IF(D65="Centrale",PARAMETRES!$C$21,0)) -> 0.05 | I65: =IF(F65<>"",F65*H65,0) -> 35.757 | J65: =IF(A65<>"",MONTH(A65),"") -> 1 | K65: =IF(A65<>"",YEAR(A65),"") -> 2026 | L65: =IF(COUNTIFS($C$3:C65,C65,$J$3:J65,J65,$K$3:K65,K65)=1,1,0) -> 0
A66: 46030 | B66: BDL00006901 | C66: SCAPEST | D66: =IF(C66<>"",VLOOKUP(C66,ENSEIGNES!$B$2:$D971,2,FALSE),"") -> Centrale | E66: =IF(C66<>"",VLOOKUP(C66,ENSEIGNES!$B$2:$D971,3,FALSE),"") -> BROCARD | F66: 267.1 | G66: =F66*(1+5.5%) -> 281.7905 | H66: =IF(D66="Direct",PARAMETRES!$C$20,IF(D66="Centrale",PARAMETRES!$C$21,0)) -> 0.05 | I66: =IF(F66<>"",F66*H66,0) -> 13.355 | J66: =IF(A66<>"",MONTH(A66),"") -> 1 | K66: =IF(A66<>"",YEAR(A66),"") -> 2026 | L66: =IF(COUNTIFS($C$3:C66,C66,$J$3:J66,J66,$K$3:K66,K66)=1,1,0) -> 0
A67: 46031 | B67: BDL00006913 | C67: SCAPEST | D67: =IF(C67<>"",VLOOKUP(C67,ENSEIGNES!$B$2:$D971,2,FALSE),"") -> Centrale | E67: =IF(C67<>"",VLOOKUP(C67,ENSEIGNES!$B$2:$D971,3,FALSE),"") -> BROCARD | F67: 370.49 | G67: =F67*(1+5.5%) -> 390.86695 | H67: =IF(D67="Direct",PARAMETRES!$C$20,IF(D67="Centrale",PARAMETRES!$C$21,0)) -> 0.05 | I67: =IF(F67<>"",F67*H67,0) -> 18.5245 | J67: =IF(A67<>"",MONTH(A67),"") -> 1 | K67: =IF(A67<>"",YEAR(A67),"") -> 2026 | L67: =IF(COUNTIFS($C$3:C67,C67,$J$3:J67,J67,$K$3:K67,K67)=1,1,0) -> 0
A68: 46034 | B68: BDL00006920 | C68: SCAPEST | D68: =IF(C68<>"",VLOOKUP(C68,ENSEIGNES!$B$2:$D971,2,FALSE),"") -> Centrale | E68: =IF(C68<>"",VLOOKUP(C68,ENSEIGNES!$B$2:$D971,3,FALSE),"") -> BROCARD | F68: 370.49 | G68: =F68*(1+5.5%) -> 390.86695 | H68: =IF(D68="Direct",PARAMETRES!$C$20,IF(D68="Centrale",PARAMETRES!$C$21,0)) -> 0.05 | I68: =IF(F68<>"",F68*H68,0) -> 18.5245 | J68: =IF(A68<>"",MONTH(A68),"") -> 1 | K68: =IF(A68<>"",YEAR(A68),"") -> 2026 | L68: =IF(COUNTIFS($C$3:C68,C68,$J$3:J68,J68,$K$3:K68,K68)=1,1,0) -> 0
A69: 46034 | B69: BDL00006921 | C69: SCAPEST | D69: =IF(C69<>"",VLOOKUP(C69,ENSEIGNES!$B$2:$D$47,2,FALSE),"") -> Centrale | E69: =IF(C69<>"",VLOOKUP(C69,ENSEIGNES!$B$2:$D971,3,FALSE),"") -> BROCARD | F69: 271.41 | G69: =F69*(1+5.5%) -> 286.33755 | H69: =IF(D69="Direct",PARAMETRES!$C$20,IF(D69="Centrale",PARAMETRES!$C$21,0)) -> 0.05 | I69: =IF(F69<>"",F69*H69,0) -> 13.5705 | J69: =IF(A69<>"",MONTH(A69),"") -> 1 | K69: =IF(A69<>"",YEAR(A69),"") -> 2026 | L69: =IF(COUNTIFS($C$3:C69,C69,$J$3:J69,J69,$K$3:K69,K69)=1,1,0) -> 0
A70: 46034 | B70: BDL00006922 | C70: SCAPEST | D70: =IF(C70<>"",VLOOKUP(C70,ENSEIGNES!$B$2:$D$47,2,FALSE),"") -> Centrale | E70: =IF(C70<>"",VLOOKUP(C70,ENSEIGNES!$B$2:$D971,3,FALSE),"") -> BROCARD | F70: 137.86 | G70: =F70*(1+5.5%) -> 145.4423 | H70: =IF(D70="Direct",PARAMETRES!$C$20,IF(D70="Centrale",PARAMETRES!$C$21,0)) -> 0.05 | I70: =IF(F70<>"",F70*H70,0) -> 6.893 | J70: =IF(A70<>"",MONTH(A70),"") -> 1 | K70: =IF(A70<>"",YEAR(A70),"") -> 2026 | L70: =IF(COUNTIFS($C$3:C70,C70,$J$3:J70,J70,$K$3:K70,K70)=1,1,0) -> 0
A71: 46036 | B71: BDL00006942 | C71: SCAPEST | D71: =IF(C71<>"",VLOOKUP(C71,ENSEIGNES!$B$2:$D$47,2,FALSE),"") -> Centrale | E71: =IF(C71<>"",VLOOKUP(C71,ENSEIGNES!$B$2:$D971,3,FALSE),"") -> BROCARD | F71: 482.5 | G71: =F71*(1+5.5%) -> 509.0375 | H71: =IF(D71="Direct",PARAMETRES!$C$20,IF(D71="Centrale",PARAMETRES!$C$21,0)) -> 0.05 | I71: =IF(F71<>"",F71*H71,0) -> 24.125 | J71: =IF(A71<>"",MONTH(A71),"") -> 1 | K71: =IF(A71<>"",YEAR(A71),"") -> 2026 | L71: =IF(COUNTIFS($C$3:C71,C71,$J$3:J71,J71,$K$3:K71,K71)=1,1,0) -> 0
A72: 46036 | B72: BDL00006943 | C72: SCAPEST | D72: =IF(C72<>"",VLOOKUP(C72,ENSEIGNES!$B$2:$D$47,2,FALSE),"") -> Centrale | E72: =IF(C72<>"",VLOOKUP(C72,ENSEIGNES!$B$2:$D971,3,FALSE),"") -> BROCARD | F72: 258.48 | G72: =F72*(1+5.5%) -> 272.6964 | H72: =IF(D72="Direct",PARAMETRES!$C$20,IF(D72="Centrale",PARAMETRES!$C$21,0)) -> 0.05 | I72: =IF(F72<>"",F72*H72,0) -> 12.924 | J72: =IF(A72<>"",MONTH(A72),"") -> 1 | K72: =IF(A72<>"",YEAR(A72),"") -> 2026 | L72: =IF(COUNTIFS($C$3:C72,C72,$J$3:J72,J72,$K$3:K72,K72)=1,1,0) -> 0
A73: 46039 | B73: BDL00006964 | C73: SCAPEST | D73: =IF(C73<>"",VLOOKUP(C73,ENSEIGNES!$B$2:$D$47,2,FALSE),"") -> Centrale | E73: =IF(C73<>"",VLOOKUP(C73,ENSEIGNES!$B$2:$D971,3,FALSE),"") -> BROCARD | F73: 249.87 | G73: =F73*(1+5.5%) -> 263.61285 | H73: =IF(D73="Direct",PARAMETRES!$C$20,IF(D73="Centrale",PARAMETRES!$C$21,0)) -> 0.05 | I73: =IF(F73<>"",F73*H73,0) -> 12.4935 | J73: =IF(A73<>"",MONTH(A73),"") -> 1 | K73: =IF(A73<>"",YEAR(A73),"") -> 2026 | L73: =IF(COUNTIFS($C$3:C73,C73,$J$3:J73,J73,$K$3:K73,K73)=1,1,0) -> 0
A74: 46039 | B74: BDL00006965 | C74: SCAPEST | D74: =IF(C74<>"",VLOOKUP(C74,ENSEIGNES!$B$2:$D$47,2,FALSE),"") -> Centrale | E74: =IF(C74<>"",VLOOKUP(C74,ENSEIGNES!$B$2:$D971,3,FALSE),"") -> BROCARD | F74: 284.33 | G74: =F74*(1+5.5%) -> 299.96815 | H74: =IF(D74="Direct",PARAMETRES!$C$20,IF(D74="Centrale",PARAMETRES!$C$21,0)) -> 0.05 | I74: =IF(F74<>"",F74*H74,0) -> 14.2165 | J74: =IF(A74<>"",MONTH(A74),"") -> 1 | K74: =IF(A74<>"",YEAR(A74),"") -> 2026 | L74: =IF(COUNTIFS($C$3:C74,C74,$J$3:J74,J74,$K$3:K74,K74)=1,1,0) -> 0
A75: 46039 | B75: BDL00006966 | C75: SCAPEST | D75: =IF(C75<>"",VLOOKUP(C75,ENSEIGNES!$B$2:$D$47,2,FALSE),"") -> Centrale | E75: =IF(C75<>"",VLOOKUP(C75,ENSEIGNES!$B$2:$D971,3,FALSE),"") -> BROCARD | F75: 116.32 | G75: =F75*(1+5.5%) -> 122.7176 | H75: =IF(D75="Direct",PARAMETRES!$C$20,IF(D75="Centrale",PARAMETRES!$C$21,0)) -> 0.05 | I75: =IF(F75<>"",F75*H75,0) -> 5.816 | J75: =IF(A75<>"",MONTH(A75),"") -> 1 | K75: =IF(A75<>"",YEAR(A75),"") -> 2026 | L75: =IF(COUNTIFS($C$3:C75,C75,$J$3:J75,J75,$K$3:K75,K75)=1,1,0) -> 0
A76: 46039 | B76: BDL00006972 | C76: SCAPEST | D76: =IF(C76<>"",VLOOKUP(C76,ENSEIGNES!$B$2:$D$47,2,FALSE),"") -> Centrale | E76: =IF(C76<>"",VLOOKUP(C76,ENSEIGNES!$B$2:$D971,3,FALSE),"") -> BROCARD | F76: 77.55 | G76: =F76*(1+5.5%) -> 81.81525 | H76: =IF(D76="Direct",PARAMETRES!$C$20,IF(D76="Centrale",PARAMETRES!$C$21,0)) -> 0.05 | I76: =IF(F76<>"",F76*H76,0) -> 3.8775 | J76: =IF(A76<>"",MONTH(A76),"") -> 1 | K76: =IF(A76<>"",YEAR(A76),"") -> 2026 | L76: =IF(COUNTIFS($C$3:C76,C76,$J$3:J76,J76,$K$3:K76,K76)=1,1,0) -> 0
A77: 46039 | B77: BDL00006973 | C77: SCAPEST | D77: =IF(C77<>"",VLOOKUP(C77,ENSEIGNES!$B$2:$D$47,2,FALSE),"") -> Centrale | E77: =IF(C77<>"",VLOOKUP(C77,ENSEIGNES!$B$2:$D971,3,FALSE),"") -> BROCARD | F77: 193.86 | G77: =F77*(1+5.5%) -> 204.5223 | H77: =IF(D77="Direct",PARAMETRES!$C$20,IF(D77="Centrale",PARAMETRES!$C$21,0)) -> 0.05 | I77: =IF(F77<>"",F77*H77,0) -> 9.693 | J77: =IF(A77<>"",MONTH(A77),"") -> 1 | K77: =IF(A77<>"",YEAR(A77),"") -> 2026 | L77: =IF(COUNTIFS($C$3:C77,C77,$J$3:J77,J77,$K$3:K77,K77)=1,1,0) -> 0
A78: 46039 | B78: BDL00006974 | C78: SCAPEST | D78: =IF(C78<>"",VLOOKUP(C78,ENSEIGNES!$B$2:$D$47,2,FALSE),"") -> Centrale | E78: =IF(C78<>"",VLOOKUP(C78,ENSEIGNES!$B$2:$D971,3,FALSE),"") -> BROCARD | F78: 51.7 | G78: =F78*(1+5.5%) -> 54.5435 | H78: =IF(D78="Direct",PARAMETRES!$C$20,IF(D78="Centrale",PARAMETRES!$C$21,0)) -> 0.05 | I78: =IF(F78<>"",F78*H78,0) -> 2.585 | J78: =IF(A78<>"",MONTH(A78),"") -> 1 | K78: =IF(A78<>"",YEAR(A78),"") -> 2026 | L78: =IF(COUNTIFS($C$3:C78,C78,$J$3:J78,J78,$K$3:K78,K78)=1,1,0) -> 0
A79: 46043 | B79: BDL00006998 | C79: SCAPEST | D79: =IF(C79<>"",VLOOKUP(C79,ENSEIGNES!$B$2:$D$47,2,FALSE),"") -> Centrale | E79: =IF(C79<>"",VLOOKUP(C79,ENSEIGNES!$B$2:$D971,3,FALSE),"") -> BROCARD | F79: 486.81 | G79: =F79*(1+5.5%) -> 513.58455 | H79: =IF(D79="Direct",PARAMETRES!$C$20,IF(D79="Centrale",PARAMETRES!$C$21,0)) -> 0.05 | I79: =IF(F79<>"",F79*H79,0) -> 24.3405 | J79: =IF(A79<>"",MONTH(A79),"") -> 1 | K79: =IF(A79<>"",YEAR(A79),"") -> 2026 | L79: =IF(COUNTIFS($C$3:C79,C79,$J$3:J79,J79,$K$3:K79,K79)=1,1,0) -> 0
A80: 46043 | B80: BDL00006999 | C80: SCAPEST | D80: =IF(C80<>"",VLOOKUP(C80,ENSEIGNES!$B$2:$D$47,2,FALSE),"") -> Centrale | E80: =IF(C80<>"",VLOOKUP(C80,ENSEIGNES!$B$2:$D971,3,FALSE),"") -> BROCARD | F80: 331.72 | G80: =F80*(1+5.5%) -> 349.9646 | H80: =IF(D80="Direct",PARAMETRES!$C$20,IF(D80="Centrale",PARAMETRES!$C$21,0)) -> 0.05 | I80: =IF(F80<>"",F80*H80,0) -> 16.586 | J80: =IF(A80<>"",MONTH(A80),"") -> 1 | K80: =IF(A80<>"",YEAR(A80),"") -> 2026 | L80: =IF(COUNTIFS($C$3:C80,C80,$J$3:J80,J80,$K$3:K80,K80)=1,1,0) -> 0
A81: 46045 | B81: BDL00007016 | C81: SCAPEST | D81: =IF(C81<>"",VLOOKUP(C81,ENSEIGNES!$B$2:$D$47,2,FALSE),"") -> Centrale | E81: =IF(C81<>"",VLOOKUP(C81,ENSEIGNES!$B$2:$D971,3,FALSE),"") -> BROCARD | F81: 340.34 | G81: =F81*(1+5.5%) -> 359.0587 | H81: =IF(D81="Direct",PARAMETRES!$C$20,IF(D81="Centrale",PARAMETRES!$C$21,0)) -> 0.05 | I81: =IF(F81<>"",F81*H81,0) -> 17.017 | J81: =IF(A81<>"",MONTH(A81),"") -> 1 | K81: =IF(A81<>"",YEAR(A81),"") -> 2026 | L81: =IF(COUNTIFS($C$3:C81,C81,$J$3:J81,J81,$K$3:K81,K81)=1,1,0) -> 0
A82: 46048 | B82: BDL00007021 | C82: SCAPEST | D82: =IF(C82<>"",VLOOKUP(C82,ENSEIGNES!$B$2:$D$47,2,FALSE),"") -> Centrale | E82: =IF(C82<>"",VLOOKUP(C82,ENSEIGNES!$B$2:$D971,3,FALSE),"") -> BROCARD | F82: 146.47 | G82: =F82*(1+5.5%) -> 154.52585 | H82: =IF(D82="Direct",PARAMETRES!$C$20,IF(D82="Centrale",PARAMETRES!$C$21,0)) -> 0.05 | I82: =IF(F82<>"",F82*H82,0) -> 7.3235 | J82: =IF(A82<>"",MONTH(A82),"") -> 1 | K82: =IF(A82<>"",YEAR(A82),"") -> 2026 | L82: =IF(COUNTIFS($C$3:C82,C82,$J$3:J82,J82,$K$3:K82,K82)=1,1,0) -> 0
A83: 46048 | B83: BDL00007022 | C83: SCAPEST | D83: =IF(C83<>"",VLOOKUP(C83,ENSEIGNES!$B$2:$D$47,2,FALSE),"") -> Centrale | E83: =IF(C83<>"",VLOOKUP(C83,ENSEIGNES!$B$2:$D971,3,FALSE),"") -> BROCARD | F83: 129.24 | G83: =F83*(1+5.5%) -> 136.3482 | H83: =IF(D83="Direct",PARAMETRES!$C$20,IF(D83="Centrale",PARAMETRES!$C$21,0)) -> 0.05 | I83: =IF(F83<>"",F83*H83,0) -> 6.462 | J83: =IF(A83<>"",MONTH(A83),"") -> 1 | K83: =IF(A83<>"",YEAR(A83),"") -> 2026 | L83: =IF(COUNTIFS($C$3:C83,C83,$J$3:J83,J83,$K$3:K83,K83)=1,1,0) -> 0
A84: 46048 | B84: BDL00007023 | C84: SCAPEST | D84: =IF(C84<>"",VLOOKUP(C84,ENSEIGNES!$B$2:$D$47,2,FALSE),"") -> Centrale | E84: =IF(C84<>"",VLOOKUP(C84,ENSEIGNES!$B$2:$D971,3,FALSE),"") -> BROCARD | F84: 215.4 | G84: =F84*(1+5.5%) -> 227.247 | H84: =IF(D84="Direct",PARAMETRES!$C$20,IF(D84="Centrale",PARAMETRES!$C$21,0)) -> 0.05 | I84: =IF(F84<>"",F84*H84,0) -> 10.77 | J84: =IF(A84<>"",MONTH(A84),"") -> 1 | K84: =IF(A84<>"",YEAR(A84),"") -> 2026 | L84: =IF(COUNTIFS($C$3:C84,C84,$J$3:J84,J84,$K$3:K84,K84)=1,1,0) -> 0
A85: 46050 | B85: BDL00007053 | C85: SCAPEST | D85: =IF(C85<>"",VLOOKUP(C85,ENSEIGNES!$B$2:$D$47,2,FALSE),"") -> Centrale | E85: =IF(C85<>"",VLOOKUP(C85,ENSEIGNES!$B$2:$D971,3,FALSE),"") -> BROCARD | F85: 383.42 | G85: =F85*(1+5.5%) -> 404.5081 | H85: =IF(D85="Direct",PARAMETRES!$C$20,IF(D85="Centrale",PARAMETRES!$C$21,0)) -> 0.05 | I85: =IF(F85<>"",F85*H85,0) -> 19.171 | J85: =IF(A85<>"",MONTH(A85),"") -> 1 | K85: =IF(A85<>"",YEAR(A85),"") -> 2026 | L85: =IF(COUNTIFS($C$3:C85,C85,$J$3:J85,J85,$K$3:K85,K85)=1,1,0) -> 0
A86: 46050 | B86: BDL00007054 | C86: SCAPEST | D86: =IF(C86<>"",VLOOKUP(C86,ENSEIGNES!$B$2:$D$47,2,FALSE),"") -> Centrale | E86: =IF(C86<>"",VLOOKUP(C86,ENSEIGNES!$B$2:$D971,3,FALSE),"") -> BROCARD | F86: 331.72 | G86: =F86*(1+5.5%) -> 349.9646 | H86: =IF(D86="Direct",PARAMETRES!$C$20,IF(D86="Centrale",PARAMETRES!$C$21,0)) -> 0.05 | I86: =IF(F86<>"",F86*H86,0) -> 16.586 | J86: =IF(A86<>"",MONTH(A86),"") -> 1 | K86: =IF(A86<>"",YEAR(A86),"") -> 2026 | L86: =IF(COUNTIFS($C$3:C86,C86,$J$3:J86,J86,$K$3:K86,K86)=1,1,0) -> 0
A87: 46052 | B87: BDL00007081 | C87: SCAPEST | D87: =IF(C87<>"",VLOOKUP(C87,ENSEIGNES!$B$2:$D$47,2,FALSE),"") -> Centrale | E87: =IF(C87<>"",VLOOKUP(C87,ENSEIGNES!$B$2:$D971,3,FALSE),"") -> BROCARD | F87: 310.18 | G87: =F87*(1+5.5%) -> 327.2399 | H87: =IF(D87="Direct",PARAMETRES!$C$20,IF(D87="Centrale",PARAMETRES!$C$21,0)) -> 0.05 | I87: =IF(F87<>"",F87*H87,0) -> 15.509 | J87: =IF(A87<>"",MONTH(A87),"") -> 1 | K87: =IF(A87<>"",YEAR(A87),"") -> 2026 | L87: =IF(COUNTIFS($C$3:C87,C87,$J$3:J87,J87,$K$3:K87,K87)=1,1,0) -> 0
A88: 46052 | B88: BDL00007082 | C88: SCAPEST | D88: =IF(C88<>"",VLOOKUP(C88,ENSEIGNES!$B$2:$D$47,2,FALSE),"") -> Centrale | E88: =IF(C88<>"",VLOOKUP(C88,ENSEIGNES!$B$2:$D971,3,FALSE),"") -> BROCARD | F88: 159.4 | G88: =F88*(1+5.5%) -> 168.167 | H88: =IF(D88="Direct",PARAMETRES!$C$20,IF(D88="Centrale",PARAMETRES!$C$21,0)) -> 0.05 | I88: =IF(F88<>"",F88*H88,0) -> 7.97 | J88: =IF(A88<>"",MONTH(A88),"") -> 1 | K88: =IF(A88<>"",YEAR(A88),"") -> 2026 | L88: =IF(COUNTIFS($C$3:C88,C88,$J$3:J88,J88,$K$3:K88,K88)=1,1,0) -> 0
A89: 46052 | B89: BDL00007083 | C89: SCAPEST | D89: =IF(C89<>"",VLOOKUP(C89,ENSEIGNES!$B$2:$D$47,2,FALSE),"") -> Centrale | E89: =IF(C89<>"",VLOOKUP(C89,ENSEIGNES!$B$2:$D971,3,FALSE),"") -> BROCARD | F89: 159.4 | G89: =F89*(1+5.5%) -> 168.167 | H89: =IF(D89="Direct",PARAMETRES!$C$20,IF(D89="Centrale",PARAMETRES!$C$21,0)) -> 0.05 | I89: =IF(F89<>"",F89*H89,0) -> 7.97 | J89: =IF(A89<>"",MONTH(A89),"") -> 1 | K89: =IF(A89<>"",YEAR(A89),"") -> 2026 | L89: =IF(COUNTIFS($C$3:C89,C89,$J$3:J89,J89,$K$3:K89,K89)=1,1,0) -> 0
A90: 46058 | B90: BDL00007125 | C90: E. LECLERC PONTCHATEAU (SAS) | D90: =IF(C90<>"",VLOOKUP(C90,ENSEIGNES!$B$2:$D$47,2,FALSE),"") -> Direct | E90: =IF(C90<>"",VLOOKUP(C90,ENSEIGNES!$B$2:$D971,3,FALSE),"") -> CAP FRAIS | F90: 547.52 | G90: =F90*(1+5.5%) -> 577.6336 | H90: =IF(D90="Direct",PARAMETRES!$C$20,IF(D90="Centrale",PARAMETRES!$C$21,0)) -> 0.07 | I90: =IF(F90<>"",F90*H90,0) -> 38.3264 | J90: =IF(A90<>"",MONTH(A90),"") -> 2 | K90: =IF(A90<>"",YEAR(A90),"") -> 2026 | L90: =IF(COUNTIFS($C$3:C90,C90,$J$3:J90,J90,$K$3:K90,K90)=1,1,0) -> 1
A91: 46058 | B91: BDL00007127 | C91: LECLERC OLONNE SUR MER (SODILONNE) | D91: =IF(C91<>"",VLOOKUP(C91,ENSEIGNES!$B$2:$D971,2,FALSE),"") -> Direct | E91: =IF(C91<>"",VLOOKUP(C91,ENSEIGNES!$B$2:$D971,3,FALSE),"") -> CAP FRAIS | F91: 501.12 | G91: =F91*(1+5.5%) -> 528.6816 | H91: =IF(D91="Direct",PARAMETRES!$C$20,IF(D91="Centrale",PARAMETRES!$C$21,0)) -> 0.07 | I91: =IF(F91<>"",F91*H91,0) -> 35.0784 | J91: =IF(A91<>"",MONTH(A91),"") -> 2 | K91: =IF(A91<>"",YEAR(A91),"") -> 2026 | L91: =IF(COUNTIFS($C$3:C91,C91,$J$3:J91,J91,$K$3:K91,K91)=1,1,0) -> 1
A92: 46059 | B92: BDL00007126 | C92: OTERA SAS | D92: =IF(C92<>"",VLOOKUP(C92,ENSEIGNES!$B$2:$D971,2,FALSE),"") -> Centrale | E92: =IF(C92<>"",VLOOKUP(C92,ENSEIGNES!$B$2:$D971,3,FALSE),"") -> CAP FRAIS | F92: 417.6 | G92: =F92*(1+5.5%) -> 440.568 | H92: =IF(D92="Direct",PARAMETRES!$C$20,IF(D92="Centrale",PARAMETRES!$C$21,0)) -> 0.05 | I92: =IF(F92<>"",F92*H92,0) -> 20.88 | J92: =IF(A92<>"",MONTH(A92),"") -> 2 | K92: =IF(A92<>"",YEAR(A92),"") -> 2026 | L92: =IF(COUNTIFS($C$3:C92,C92,$J$3:J92,J92,$K$3:K92,K92)=1,1,0) -> 1
A93: 46064 | B93: BDL00007158 | C93: INTERMARCHE GRAND FOUGERAY (SAS ) | D93: =IF(C93<>"",VLOOKUP(C93,ENSEIGNES!$B$2:$D971,2,FALSE),"") -> Direct | E93: =IF(C93<>"",VLOOKUP(C93,ENSEIGNES!$B$2:$D971,3,FALSE),"") -> CAP FRAIS | F93: 385.12 | G93: =F93*(1+5.5%) -> 406.3016 | H93: =IF(D93="Direct",PARAMETRES!$C$20,IF(D93="Centrale",PARAMETRES!$C$21,0)) -> 0.07 | I93: =IF(F93<>"",F93*H93,0) -> 26.9584 | J93: =IF(A93<>"",MONTH(A93),"") -> 2 | K93: =IF(A93<>"",YEAR(A93),"") -> 2026 | L93: =IF(COUNTIFS($C$3:C93,C93,$J$3:J93,J93,$K$3:K93,K93)=1,1,0) -> 1
A94: 46064 | B94: BDL00007159 | C94: HYPER U -Savenay (SAS) | D94: =IF(C94<>"",VLOOKUP(C94,ENSEIGNES!$B$2:$D971,2,FALSE),"") -> Direct | E94: =IF(C94<>"",VLOOKUP(C94,ENSEIGNES!$B$2:$D971,3,FALSE),"") -> CAP FRAIS | F94: 440.8 | G94: =F94*(1+5.5%) -> 465.044 | H94: =IF(D94="Direct",PARAMETRES!$C$20,IF(D94="Centrale",PARAMETRES!$C$21,0)) -> 0.07 | I94: =IF(F94<>"",F94*H94,0) -> 30.856 | J94: =IF(A94<>"",MONTH(A94),"") -> 2 | K94: =IF(A94<>"",YEAR(A94),"") -> 2026 | L94: =IF(COUNTIFS($C$3:C94,C94,$J$3:J94,J94,$K$3:K94,K94)=1,1,0) -> 1
A95: 46064 | B95: BDL00007167 | C95: CARREFOUR BELGIQUE | D95: =IF(C95<>"",VLOOKUP(C95,ENSEIGNES!$B$2:$D971,2,FALSE),"") -> Centrale | E95: =IF(C95<>"",VLOOKUP(C95,ENSEIGNES!$B$2:$D971,3,FALSE),"") -> GMA GROUP | F95: 1425.6 | H95: =IF(D95="Direct",PARAMETRES!$C$20,IF(D95="Centrale",PARAMETRES!$C$21,0)) -> 0.05 | I95: =IF(F95<>"",F95*H95,0) -> 71.28 | J95: =IF(A95<>"",MONTH(A95),"") -> 2 | K95: =IF(A95<>"",YEAR(A95),"") -> 2026 | L95: =IF(COUNTIFS($C$3:C95,C95,$J$3:J95,J95,$K$3:K95,K95)=1,1,0) -> 0
A96: 46064 | B96: BDL00007168 | C96: CARREFOUR BELGIQUE | D96: =IF(C96<>"",VLOOKUP(C96,ENSEIGNES!$B$2:$D$47,2,FALSE),"") -> Centrale | E96: =IF(C96<>"",VLOOKUP(C96,ENSEIGNES!$B$2:$D971,3,FALSE),"") -> GMA GROUP | F96: 1425.6 | H96: =IF(D96="Direct",PARAMETRES!$C$20,IF(D96="Centrale",PARAMETRES!$C$21,0)) -> 0.05 | I96: =IF(F96<>"",F96*H96,0) -> 71.28 | J96: =IF(A96<>"",MONTH(A96),"") -> 2 | K96: =IF(A96<>"",YEAR(A96),"") -> 2026 | L96: =IF(COUNTIFS($C$3:C96,C96,$J$3:J96,J96,$K$3:K96,K96)=1,1,0) -> 0
A97: 46055 | B97: BDL00007085 | C97: SAS LORIENCE ITM TOULON | D97: =IF(C97<>"",VLOOKUP(C97,ENSEIGNES!$B$2:$D$47,2,FALSE),"") -> Direct | E97: =IF(C97<>"",VLOOKUP(C97,ENSEIGNES!$B$2:$D971,3,FALSE),"") -> SCHLESSER | F97: 348 | G97: =F97*(1+5.5%) -> 367.14 | H97: =IF(D97="Direct",PARAMETRES!$C$20,IF(D97="Centrale",PARAMETRES!$C$21,0)) -> 0.07 | I97: =IF(F97<>"",F97*H97,0) -> 24.36 | J97: =IF(A97<>"",MONTH(A97),"") -> 2 | K97: =IF(A97<>"",YEAR(A97),"") -> 2026 | L97: =IF(COUNTIFS($C$3:C97,C97,$J$3:J97,J97,$K$3:K97,K97)=1,1,0) -> 1
A98: 46056 | B98: BDL00007096 | C98: SCACHAP | D98: =IF(C98<>"",VLOOKUP(C98,ENSEIGNES!$B$2:$D$47,2,FALSE),"") -> Centrale | E98: =IF(C98<>"",VLOOKUP(C98,ENSEIGNES!$B$2:$D971,3,FALSE),"") -> CAP FRAIS | F98: 453.88 | G98: =F98*(1+5.5%) -> 478.8434 | H98: =IF(D98="Direct",PARAMETRES!$C$20,IF(D98="Centrale",PARAMETRES!$C$21,0)) -> 0.05 | I98: =IF(F98<>"",F98*H98,0) -> 22.694 | J98: =IF(A98<>"",MONTH(A98),"") -> 2 | K98: =IF(A98<>"",YEAR(A98),"") -> 2026 | L98: =IF(COUNTIFS($C$3:C98,C98,$J$3:J98,J98,$K$3:K98,K98)=1,1,0) -> 1
A99: 46058 | B99: BDL00007141 | C99: SCACHAP | D99: =IF(C99<>"",VLOOKUP(C99,ENSEIGNES!$B$2:$D$47,2,FALSE),"") -> Centrale | E99: =IF(C99<>"",VLOOKUP(C99,ENSEIGNES!$B$2:$D971,3,FALSE),"") -> CAP FRAIS | F99: 745.29 | G99: =F99*(1+5.5%) -> 786.28095 | H99: =IF(D99="Direct",PARAMETRES!$C$20,IF(D99="Centrale",PARAMETRES!$C$21,0)) -> 0.05 | I99: =IF(F99<>"",F99*H99,0) -> 37.2645 | J99: =IF(A99<>"",MONTH(A99),"") -> 2 | K99: =IF(A99<>"",YEAR(A99),"") -> 2026 | L99: =IF(COUNTIFS($C$3:C99,C99,$J$3:J99,J99,$K$3:K99,K99)=1,1,0) -> 0
A100: 46064 | B100: BDL00007160 | C100: SCACHAP | D100: =IF(C100<>"",VLOOKUP(C100,ENSEIGNES!$B$2:$D971,2,FALSE),"") -> Centrale | E100: =IF(C100<>"",VLOOKUP(C100,ENSEIGNES!$B$2:$D971,3,FALSE),"") -> CAP FRAIS | F100: 516.97 | G100: =F100*(1+5.5%) -> 545.40335 | H100: =IF(D100="Direct",PARAMETRES!$C$20,IF(D100="Centrale",PARAMETRES!$C$21,0)) -> 0.05 | I100: =IF(F100<>"",F100*H100,0) -> 25.8485 | J100: =IF(A100<>"",MONTH(A100),"") -> 2 | K100: =IF(A100<>"",YEAR(A100),"") -> 2026 | L100: =IF(COUNTIFS($C$3:C100,C100,$J$3:J100,J100,$K$3:K100,K100)=1,1,0) -> 0
...

Sheet SUIVI MENSUEL COMPLET
A1: SUIVI MENSUEL COMPLET
A2: 📅 Période: | B2: =PARAMETRES!C13 -> Août | C2: =PARAMETRES!C14 -> 2026
A4: 1. RÉSUMÉ GLOBAL DU MOIS
A5: INDICATEUR | B5: MOIS EN COURS | C5: MOIS PRÉCÉDENT | D5: ÉVOLUTION € | E5: ÉVOLUTION %
A6: Chiffre d'Affaires HT | B6: =SUMIFS(VENTES!F3:F476,VENTES!J3:J476,PARAMETRES!C16,VENTES!K3:K476,PARAMETRES!C14) -> 13706.27 | C6: =SUMIFS(VENTES!F3:F476,VENTES!J3:J476,IF(PARAMETRES!C16=1,12,PARAMETRES!C16-1),VENTES!K3:K476,IF(PARAMETRES!C16=1,PARAMETRES!C14-1,PARAMETRES!C14)) -> 23380.51 | D6: =B6-C6 -> -9674.24 | E6: =IF(C6>0,(B6-C6)/C6,0) -> -0.41377369
A7: Commission Totale | B7: =SUMIFS(VENTES!I3:I476,VENTES!J3:J476,PARAMETRES!C16,VENTES!K3:K476,PARAMETRES!C14) -> 685.3135 | C7: =SUMIFS(VENTES!I3:I476,VENTES!J3:J476,IF(PARAMETRES!C16=1,12,PARAMETRES!C16-1),VENTES!K3:K476,IF(PARAMETRES!C16=1,PARAMETRES!C14-1,PARAMETRES!C14)) -> 1235.3171 | D7: =B7-C7 -> -550.0036 | E7: =IF(C7>0,(B7-C7)/C7,0) -> -0.44523273
A8: Nombre BL Direct | B8: =COUNTIFS(VENTES!J3:J476,PARAMETRES!C16,VENTES!K3:K476,PARAMETRES!C14,VENTES!D3:D476,"Direct") -> 0 | C8: =COUNTIFS(VENTES!J3:J476,IF(PARAMETRES!C16=1,12,PARAMETRES!C16-1),VENTES!K3:K476,IF(PARAMETRES!C16=1,PARAMETRES!C14-1,PARAMETRES!C14),VENTES!D3:D476,"Direct") -> 7 | D8: =B8-C8 -> -7 | E8: =IF(C8>0,(B8-C8)/C8,0) -> -1
A9: Nombre BL Centrale | B9: =COUNTIFS(VENTES!J3:J476,PARAMETRES!C16,VENTES!K3:K476,PARAMETRES!C14,VENTES!D3:D476,"Centrale") -> 36 | C9: =COUNTIFS(VENTES!J3:J476,IF(PARAMETRES!C16=1,12,PARAMETRES!C16-1),VENTES!K3:K476,IF(PARAMETRES!C16=1,PARAMETRES!C14-1,PARAMETRES!C14),VENTES!D3:D476,"Centrale") -> 49 | D9: =B9-C9 -> -13 | E9: =IF(C9>0,(B9-C9)/C9,0) -> -0.26530612
A10: Nombre BL TOTAL | B10: =B8+B9 -> 36 | C10: =C8+C9 -> 56 | D10: =B10-C10 -> -20 | E10: =IF(C10>0,(B10-C10)/C10,0) -> -0.35714286
A11: Panier Moyen HT | B11: =IF(B10>0,B6/B10,0) -> 380.72972 | C11: =IF(C10>0,C6/C10,0) -> 417.50911 | D11: =B11-C11 -> -36.779385 | E11: =IF(C11>0,(B11-C11)/C11,0) -> -0.088092414
A14: 2. PERFORMANCE PAR AGENT
A15: AGENT | B15: CA DIRECT | C15: CA CENTRALE | D15: CA TOTAL | E15: COMM. TOTAL | F15: NB BL DIR | G15: NB BL CENT | H15: NB BL TOT | I15: PART CA en % | J15: AOV Direct | K15: AOV Central
A16: CAP FRAIS | B16: =SUMIFS(VENTES!F3:F476,VENTES!E3:E476,"CAP FRAIS",VENTES!D3:D476,"Direct",VENTES!J3:J476,PARAMETRES!C16,VENTES!K3:K476,PARAMETRES!C14) -> 0 | C16: =SUMIFS(VENTES!F3:F476,VENTES!E3:E476,"CAP FRAIS",VENTES!D3:D476,"Centrale",VENTES!J3:J476,PARAMETRES!C16,VENTES!K3:K476,PARAMETRES!C14) -> 8054.09 | D16: =B16+C16 -> 8054.09 | E16: =SUMIFS(VENTES!I3:I476,VENTES!E3:E476,"CAP FRAIS",VENTES!J3:J476,PARAMETRES!C16,VENTES!K3:K476,PARAMETRES!C14) -> 402.7045 | F16: =COUNTIFS(VENTES!E3:E476,"CAP FRAIS",VENTES!D3:D476,"Direct",VENTES!J3:J476,PARAMETRES!C16,VENTES!K3:K476,PARAMETRES!C14) -> 0 | G16: =COUNTIFS(VENTES!E3:E476,"CAP FRAIS",VENTES!D3:D476,"Centrale",VENTES!J3:J476,PARAMETRES!C16,VENTES!K3:K476,PARAMETRES!C14) -> 19 | H16: =F16+G16 -> 19 | I16: =IF($B$6>0,D16/$B$6,0) -> 0.58762085 | J16: =IF(F16>0,B16/F16,0) -> 0 | K16: =IF(G16>0,C16/G16,0) -> 423.89947
A17: BROCARD | B17: =SUMIFS(VENTES!F3:F476,VENTES!E3:E476,"BROCARD",VENTES!D3:D476,"Direct",VENTES!J3:J476,PARAMETRES!C16,VENTES!K3:K476,PARAMETRES!C14) -> 0 | C17: =SUMIFS(VENTES!F3:F476,VENTES!E3:E476,"BROCARD",VENTES!D3:D476,"Centrale",VENTES!J3:J476,PARAMETRES!C16,VENTES!K3:K476,PARAMETRES!C14) -> 5652.18 | D17: =B17+C17 -> 5652.18 | E17: =SUMIFS(VENTES!I3:I476,VENTES!E3:E476,"BROCARD",VENTES!J3:J476,PARAMETRES!C16,VENTES!K3:K476,PARAMETRES!C14) -> 282.609 | F17: =COUNTIFS(VENTES!E3:E476,"BROCARD",VENTES!D3:D476,"Direct",VENTES!J3:J476,PARAMETRES!C16,VENTES!K3:K476,PARAMETRES!C14) -> 0 | G17: =COUNTIFS(VENTES!E3:E476,"BROCARD",VENTES!D3:D476,"Centrale",VENTES!J3:J476,PARAMETRES!C16,VENTES!K3:K476,PARAMETRES!C14) -> 17 | H17: =F17+G17 -> 17 | I17: =IF($B$6>0,D17/$B$6,0) -> 0.41237915 | J17: =IF(F17>0,B17/F17,0) -> 0 | K17: =IF(G17>0,C17/G17,0) -> 332.48118
A18: GMA GROUP | B18: =SUMIFS(VENTES!F3:F476,VENTES!E3:E476,"GMA GROUP",VENTES!D3:D476,"Direct",VENTES!J3:J476,PARAMETRES!C16,VENTES!K3:K476,PARAMETRES!C14) -> 0 | C18: =SUMIFS(VENTES!F3:F476,VENTES!E3:E476,"GMA GROUP",VENTES!D3:D476,"Centrale",VENTES!J3:J476,PARAMETRES!C16,VENTES!K3:K476,PARAMETRES!C14) -> 0 | D18: =B18+C18 -> 0 | E18: =SUMIFS(VENTES!I3:I476,VENTES!E3:E476,"GMA GROUP",VENTES!J3:J476,PARAMETRES!C16,VENTES!K3:K476,PARAMETRES!C14) -> 0 | F18: =COUNTIFS(VENTES!E3:E476,"GMA GROUP",VENTES!D3:D476,"Direct",VENTES!J3:J476,PARAMETRES!C16,VENTES!K3:K476,PARAMETRES!C14) -> 0 | G18: =COUNTIFS(VENTES!E3:E476,"GMA GROUP",VENTES!D3:D476,"Centrale",VENTES!J3:J476,PARAMETRES!C16,VENTES!K3:K476,PARAMETRES!C14) -> 0 | H18: =F18+G18 -> 0 | I18: =IF($B$6>0,D18/$B$6,0) -> 0 | J18: =IF(F18>0,B18/F18,0) -> 0 | K18: =IF(G18>0,C18/G18,0) -> 0
A19: SCHLESSER | B19: =SUMIFS(VENTES!F3:F476,VENTES!E3:E476,"SCHLESSER",VENTES!D3:D476,"Direct",VENTES!J3:J476,PARAMETRES!C16,VENTES!K3:K476,PARAMETRES!C14) -> 0 | C19: =SUMIFS(VENTES!F3:F476,VENTES!E3:E476,"SCHLESSER",VENTES!D3:D476,"Centrale",VENTES!J3:J476,PARAMETRES!C16,VENTES!K3:K476,PARAMETRES!C14) -> 0 | D19: =B19+C19 -> 0 | E19: =SUMIFS(VENTES!I3:I476,VENTES!E3:E476,"SCHLESSER",VENTES!J3:J476,PARAMETRES!C16,VENTES!K3:K476,PARAMETRES!C14) -> 0 | F19: =COUNTIFS(VENTES!E3:E476,"SCHLESSER",VENTES!D3:D476,"Direct",VENTES!J3:J476,PARAMETRES!C16,VENTES!K3:K476,PARAMETRES!C14) -> 0 | G19: =COUNTIFS(VENTES!E3:E476,"SCHLESSER",VENTES!D3:D476,"Centrale",VENTES!J3:J476,PARAMETRES!C16,VENTES!K3:K476,PARAMETRES!C14) -> 0 | H19: =F19+G19 -> 0 | I19: =IF($B$6>0,D19/$B$6,0) -> 0 | J19: =IF(F19>0,B19/F19,0) -> 0 | K19: =IF(G19>0,C19/G19,0) -> 0
A20: TOTAL | B20: =SUM(B16:B19) -> 0 | C20: =SUM(C16:C19) -> 13706.27 | D20: =SUM(D16:D19) -> 13706.27 | E20: =SUM(E16:E19) -> 685.3135 | F20: =SUM(F16:F19) -> 0 | G20: =SUM(G16:G19) -> 36 | H20: =SUM(H16:H19) -> 36 | I20: =SUM(I16:I19) -> 1 | J20: =IF(F20>0,B20/F20,0) -> 0 | K20: =IF(G20>0,C20/G20,0) -> 380.72972
A23: 3. FOCUS ENSEIGNES CENTRALES
A24: AGENT | B24: 45962 | C24: 45992 | D24: Jan 2026 | E24: Fév | F24: Mar | G24: Avr | H24: Mai | I24: Jun | J24: Jul | K24: Aoû | L24: Sep | M24: Oct | N24: Nov | O24: Déc
A25: CAP FRAIS | B25: =IFERROR( SUMIFS( VENTES!F:F , VENTES!E:E , $A25 , VENTES!D:D , "Centrale" , VENTES!J:J , B$30 , VENTES!K:K , B$29 ), 0) -> 0 | C25: =IFERROR(SUMIFS(VENTES!F:F,VENTES!E:E,$A25,VENTES!D:D,"Centrale",VENTES!J:J,12,VENTES!K:K,2025),0) -> 1563.68 | D25: =IFERROR(SUMIFS(VENTES!F:F,VENTES!E:E,$A31,VENTES!D:D,"Centrale",VENTES!J:J,1,VENTES!K:K,2026),0) -> 6968.75 | E25: =IFERROR(SUMIFS(VENTES!F:F,VENTES!E:E,$A31,VENTES!D:D,"Centrale",VENTES!J:J,2,VENTES!K:K,2026),0) -> 13276.37 | F25: =IFERROR(SUMIFS(VENTES!F:F,VENTES!E:E,$A31,VENTES!D:D,"Centrale",VENTES!J:J,3,VENTES!K:K,2026),0) -> 7770.78 | G25: =IFERROR(SUMIFS(VENTES!F:F,VENTES!E:E,$A31,VENTES!D:D,"Centrale",VENTES!J:J,4,VENTES!K:K,2026),0) -> 11071.21 | H25: =IFERROR(SUMIFS(VENTES!F:F,VENTES!E:E,$A31,VENTES!D:D,"Centrale",VENTES!J:J,5,VENTES!K:K,2026),0) -> 11974.45 | I25: =IFERROR(SUMIFS(VENTES!F:F,VENTES!E:E,$A31,VENTES!D:D,"Centrale",VENTES!J:J,6,VENTES!K:K,2026),0) -> 11557.54 | J25: =IFERROR(SUMIFS(VENTES!F:F,VENTES!E:E,$A31,VENTES!D:D,"Centrale",VENTES!J:J,7,VENTES!K:K,2026),0) -> 12388.97 | K25: =IFERROR(SUMIFS(VENTES!F:F,VENTES!E:E,$A31,VENTES!D:D,"Centrale",VENTES!J:J,8,VENTES!K:K,2026),0) -> 9854.86 | L25: =IFERROR(SUMIFS(VENTES!F:F,VENTES!E:E,$A31,VENTES!D:D,"Centrale",VENTES!J:J,9,VENTES!K:K,2026),0) -> 0 | M25: =IFERROR(SUMIFS(VENTES!F:F,VENTES!E:E,$A31,VENTES!D:D,"Centrale",VENTES!J:J,10,VENTES!K:K,2026),0) -> 0 | N25: =IFERROR(SUMIFS(VENTES!F:F,VENTES!E:E,$A31,VENTES!D:D,"Centrale",VENTES!J:J,11,VENTES!K:K,2026),0) -> 0 | O25: =IFERROR(SUMIFS(VENTES!F:F,VENTES!E:E,$A31,VENTES!D:D,"Centrale",VENTES!J:J,12,VENTES!K:K,2026),0) -> 0
A26: BROCARD | B26: =IFERROR(SUMIFS(VENTES!F:F,VENTES!E:E,$A26,VENTES!D:D,"Centrale",VENTES!J:J,11,VENTES!K:K,2025),0) -> 0 | C26: =IFERROR(SUMIFS(VENTES!F:F,VENTES!E:E,$A26,VENTES!D:D,"Centrale",VENTES!J:J,12,VENTES!K:K,2025),0) -> 0 | D26: =IFERROR(SUMIFS(VENTES!F:F,VENTES!E:E,$A26,VENTES!D:D,"Centrale",VENTES!J:J,1,VENTES!K:K,2026),0) -> 8417.95 | E26: =IFERROR(SUMIFS(VENTES!F:F,VENTES!E:E,$A26,VENTES!D:D,"Centrale",VENTES!J:J,2,VENTES!K:K,2026),0) -> 9309.7 | F26: =IFERROR(SUMIFS(VENTES!F:F,VENTES!E:E,$A26,VENTES!D:D,"Centrale",VENTES!J:J,3,VENTES!K:K,2026),0) -> 8293.01 | G26: =IFERROR(SUMIFS(VENTES!F:F,VENTES!E:E,$A26,VENTES!D:D,"Centrale",VENTES!J:J,4,VENTES!K:K,2026),0) -> 9736.2 | H26: =IFERROR(SUMIFS(VENTES!$F:$F,VENTES!$E:$E,$A26,VENTES!$D:$D,"Centrale",VENTES!$J:$J,5,VENTES!$K:$K,2026),0) -> 9266.62 | I26: =IFERROR(SUMIFS(VENTES!$F:$F,VENTES!$E:$E,$A26,VENTES!$D:$D,"Centrale",VENTES!$J:$J,6,VENTES!$K:$K,2026),0) -> 7022.91 | J26: =IFERROR(SUMIFS(VENTES!$F:$F,VENTES!$E:$E,$A26,VENTES!$D:$D,"Centrale",VENTES!$J:$J,7,VENTES!$K:$K,2026),0) -> 7676.96 | K26: =IFERROR(SUMIFS(VENTES!$F:$F,VENTES!$E:$E,$A26,VENTES!$D:$D,"Centrale",VENTES!$J:$J,8,VENTES!$K:$K,2026),0) -> 5652.18 | L26: =IFERROR(SUMIFS(VENTES!$F:$F,VENTES!$E:$E,$A26,VENTES!$D:$D,"Centrale",VENTES!$J:$J,9,VENTES!$K:$K,2026),0) -> 0 | M26: =IFERROR(SUMIFS(VENTES!$F:$F,VENTES!$E:$E,$A26,VENTES!$D:$D,"Centrale",VENTES!$J:$J,10,VENTES!$K:$K,2026),0) -> 0 | N26: =IFERROR(SUMIFS(VENTES!$F:$F,VENTES!$E:$E,$A26,VENTES!$D:$D,"Centrale",VENTES!$J:$J,11,VENTES!$K:$K,2026),0) -> 0 | O26: =IFERROR(SUMIFS(VENTES!$F:$F,VENTES!$E:$E,$A26,VENTES!$D:$D,"Centrale",VENTES!$J:$J,12,VENTES!$K:$K,2026),0) -> 0
A27: GMA GROUP | B27: =IFERROR(SUMIFS(VENTES!F:F,VENTES!E:E,$A27,VENTES!D:D,"Centrale",VENTES!J:J,11,VENTES!K:K,2025),0) -> 0 | C27: =IFERROR(SUMIFS(VENTES!F:F,VENTES!E:E,$A27,VENTES!D:D,"Centrale",VENTES!J:J,12,VENTES!K:K,2025),0) -> 0 | D27: =IFERROR(SUMIFS(VENTES!F:F,VENTES!E:E,$A27,VENTES!D:D,"Centrale",VENTES!J:J,1,VENTES!K:K,2026),0) -> 6238.4 | E27: =IFERROR(SUMIFS(VENTES!F:F,VENTES!E:E,$A27,VENTES!D:D,"Centrale",VENTES!J:J,2,VENTES!K:K,2026),0) -> 10346.24 | F27: =IFERROR(SUMIFS(VENTES!F:F,VENTES!E:E,$A27,VENTES!D:D,"Centrale",VENTES!J:J,3,VENTES!K:K,2026),0) -> 6774.4 | G27: =IFERROR(SUMIFS(VENTES!F:F,VENTES!E:E,$A27,VENTES!D:D,"Centrale",VENTES!J:J,4,VENTES!K:K,2026),0) -> 8041.6 | H27: =IFERROR(SUMIFS(VENTES!F:F,VENTES!E:E,$A27,VENTES!D:D,"Centrale",VENTES!J:J,5,VENTES!K:K,2026),0) -> 5763.2 | I27: =IFERROR(SUMIFS(VENTES!F:F,VENTES!E:E,$A27,VENTES!D:D,"Centrale",VENTES!J:J,6,VENTES!K:K,2026),0) -> 0 | J27: =IFERROR(SUMIFS(VENTES!F:F,VENTES!E:E,$A27,VENTES!D:D,"Centrale",VENTES!J:J,7,VENTES!K:K,2026),0) -> 0 | K27: =IFERROR(SUMIFS(VENTES!F:F,VENTES!E:E,$A27,VENTES!D:D,"Centrale",VENTES!J:J,8,VENTES!K:K,2026),0) -> 0 | L27: =IFERROR(SUMIFS(VENTES!F:F,VENTES!E:E,$A27,VENTES!D:D,"Centrale",VENTES!J:J,9,VENTES!K:K,2026),0) -> 0 | M27: =IFERROR(SUMIFS(VENTES!F:F,VENTES!E:E,$A27,VENTES!D:D,"Centrale",VENTES!J:J,10,VENTES!K:K,2026),0) -> 0 | N27: =IFERROR(SUMIFS(VENTES!F:F,VENTES!E:E,$A27,VENTES!D:D,"Centrale",VENTES!J:J,11,VENTES!K:K,2026),0) -> 0 | O27: =IFERROR(SUMIFS(VENTES!F:F,VENTES!E:E,$A27,VENTES!D:D,"Centrale",VENTES!J:J,12,VENTES!K:K,2026),0) -> 0
A29: 4. FOCUS ENSEIGNES DIRECTS
A30: AGENT | B30: 45962 | C30: 45992 | D30: Jan 2026 | E30: Fév | F30: Mar | G30: Avr | H30: Mai | I30: Jun | J30: Jul | K30: Aoû | L30: Sep | M30: Oct | N30: Nov | O30: Déc
A31: CAP FRAIS | B31: =IFERROR(SUMIFS(VENTES!F:F,VENTES!E:E,$A31,VENTES!D:D,"Direct",VENTES!J:J,11,VENTES!K:K,2025),0) -> 6065.56 | C31: =IFERROR(SUMIFS(VENTES!F:F,VENTES!E:E,$A31,VENTES!D:D,"Direct",VENTES!J:J,12,VENTES!K:K,2025),0) -> 1271.36 | D31: =IFERROR(SUMIFS(VENTES!F:F,VENTES!E:E,$A31,VENTES!D:D,"Direct",VENTES!J:J,1,VENTES!K:K,2026),0) -> 3983.52 | E31: =IFERROR(SUMIFS(VENTES!F:F,VENTES!E:E,$A31,VENTES!D:D,"Direct",VENTES!J:J,2,VENTES!K:K,2026),0) -> 4728.16 | F31: =IFERROR(SUMIFS(VENTES!F:F,VENTES!E:E,$A31,VENTES!D:D,"Direct",VENTES!J:J,3,VENTES!K:K,2026),0) -> 3755.15 | G31: =IFERROR(SUMIFS(VENTES!F:F,VENTES!E:E,$A31,VENTES!D:D,"Direct",VENTES!J:J,4,VENTES!K:K,2026),0) -> 2333.92 | H31: =IFERROR(SUMIFS(VENTES!F:F,VENTES!E:E,$A31,VENTES!D:D,"Direct",VENTES!J:J,5,VENTES!K:K,2026),0) -> 3020.64 | I31: =IFERROR(SUMIFS(VENTES!F:F,VENTES!E:E,$A31,VENTES!D:D,"Direct",VENTES!J:J,6,VENTES!K:K,2026),0) -> 2589.81 | J31: =IFERROR(SUMIFS(VENTES!F:F,VENTES!E:E,$A31,VENTES!D:D,"Direct",VENTES!J:J,7,VENTES!K:K,2026),0) -> 3314.58 | K31: =IFERROR(SUMIFS(VENTES!F:F,VENTES!E:E,$A31,VENTES!D:D,"Direct",VENTES!J:J,8,VENTES!K:K,2026),0) -> 436.16 | L31: =IFERROR(SUMIFS(VENTES!F:F,VENTES!E:E,$A31,VENTES!D:D,"Direct",VENTES!J:J,9,VENTES!K:K,2026),0) -> 0 | M31: =IFERROR(SUMIFS(VENTES!F:F,VENTES!E:E,$A31,VENTES!D:D,"Direct",VENTES!J:J,10,VENTES!K:K,2026),0) -> 0 | N31: =IFERROR(SUMIFS(VENTES!F:F,VENTES!E:E,$A31,VENTES!D:D,"Direct",VENTES!J:J,11,VENTES!K:K,2026),0) -> 0 | O31: =IFERROR(SUMIFS(VENTES!F:F,VENTES!E:E,$A31,VENTES!D:D,"Direct",VENTES!J:J,12,VENTES!K:K,2026),0) -> 0
A32: BROCARD | B32: =IFERROR(SUMIFS(VENTES!F:F,VENTES!E:E,$A32,VENTES!D:D,"Direct",VENTES!J:J,11,VENTES!K:K,2025),0) -> 0 | C32: =IFERROR(SUMIFS(VENTES!F:F,VENTES!E:E,$A32,VENTES!D:D,"Direct",VENTES!J:J,12,VENTES!K:K,2025),0) -> 0 | D32: =IFERROR(SUMIFS(VENTES!F:F,VENTES!E:E,$A32,VENTES!D:D,"Direct",VENTES!J:J,1,VENTES!K:K,2026),0) -> 0 | E32: =IFERROR(SUMIFS(VENTES!F:F,VENTES!E:E,$A32,VENTES!D:D,"Direct",VENTES!J:J,2,VENTES!K:K,2026),0) -> 2630.88 | F32: =IFERROR(SUMIFS(VENTES!F:F,VENTES!E:E,$A32,VENTES!D:D,"Direct",VENTES!J:J,3,VENTES!K:K,2026),0) -> 974.4 | G32: =IFERROR(SUMIFS(VENTES!F:F,VENTES!E:E,$A32,VENTES!D:D,"Direct",VENTES!J:J,4,VENTES!K:K,2026),0) -> 1893.12 | H32: =IFERROR(SUMIFS(VENTES!F:F,VENTES!E:E,$A32,VENTES!D:D,"Direct",VENTES!J:J,5,VENTES!K:K,2026),0) -> 951.2 | I32: =IFERROR(SUMIFS(VENTES!F:F,VENTES!E:E,$A32,VENTES!D:D,"Direct",VENTES!J:J,6,VENTES!K:K,2026),0) -> 0 | J32: =IFERROR(SUMIFS(VENTES!F:F,VENTES!E:E,$A32,VENTES!D:D,"Direct",VENTES!J:J,7,VENTES!K:K,2026),0) -> 0 | K32: =IFERROR(SUMIFS(VENTES!F:F,VENTES!E:E,$A32,VENTES!D:D,"Direct",VENTES!J:J,8,VENTES!K:K,2026),0) -> 0 | L32: =IFERROR(SUMIFS(VENTES!F:F,VENTES!E:E,$A32,VENTES!D:D,"Direct",VENTES!J:J,9,VENTES!K:K,2026),0) -> 0 | M32: =IFERROR(SUMIFS(VENTES!F:F,VENTES!E:E,$A32,VENTES!D:D,"Direct",VENTES!J:J,10,VENTES!K:K,2026),0) -> 0 | N32: =IFERROR(SUMIFS(VENTES!F:F,VENTES!E:E,$A32,VENTES!D:D,"Direct",VENTES!J:J,11,VENTES!K:K,2026),0) -> 0 | O32: =IFERROR(SUMIFS(VENTES!F:F,VENTES!E:E,$A32,VENTES!D:D,"Direct",VENTES!J:J,12,VENTES!K:K,2026),0) -> 0
A33: SCHLESSER | B33: =IFERROR(SUMIFS(VENTES!F:F,VENTES!E:E,$A33,VENTES!D:D,"Direct",VENTES!J:J,11,VENTES!K:K,2025),0) -> 0 | C33: =IFERROR(SUMIFS(VENTES!F:F,VENTES!E:E,$A33,VENTES!D:D,"Direct",VENTES!J:J,12,VENTES!K:K,2025),0) -> 0 | D33: =IFERROR(SUMIFS(VENTES!F:F,VENTES!E:E,$A33,VENTES!D:D,"Direct",VENTES!J:J,1,VENTES!K:K,2026),0) -> 1364.16 | E33: =IFERROR(SUMIFS(VENTES!F:F,VENTES!E:E,$A33,VENTES!D:D,"Direct",VENTES!J:J,2,VENTES!K:K,2026),0) -> 1155.36 | F33: =IFERROR(SUMIFS(VENTES!F:F,VENTES!E:E,$A33,VENTES!D:D,"Direct",VENTES!J:J,3,VENTES!K:K,2026),0) -> 941.92 | G33: =IFERROR(SUMIFS(VENTES!F:F,VENTES!E:E,$A33,VENTES!D:D,"Direct",VENTES!J:J,4,VENTES!K:K,2026),0) -> 1763.2 | H33: =IFERROR(SUMIFS(VENTES!F:F,VENTES!E:E,$A33,VENTES!D:D,"Direct",VENTES!J:J,5,VENTES!K:K,2026),0) -> 0 | I33: =IFERROR(SUMIFS(VENTES!F:F,VENTES!E:E,$A33,VENTES!D:D,"Direct",VENTES!J:J,6,VENTES!K:K,2026),0) -> 0 | J33: =IFERROR(SUMIFS(VENTES!F:F,VENTES!E:E,$A33,VENTES!D:D,"Direct",VENTES!J:J,7,VENTES!K:K,2026),0) -> 0 | K33: =IFERROR(SUMIFS(VENTES!F:F,VENTES!E:E,$A33,VENTES!D:D,"Direct",VENTES!J:J,8,VENTES!K:K,2026),0) -> 0 | L33: =IFERROR(SUMIFS(VENTES!F:F,VENTES!E:E,$A33,VENTES!D:D,"Direct",VENTES!J:J,9,VENTES!K:K,2026),0) -> 0 | M33: =IFERROR(SUMIFS(VENTES!F:F,VENTES!E:E,$A33,VENTES!D:D,"Direct",VENTES!J:J,10,VENTES!K:K,2026),0) -> 0 | N33: =IFERROR(SUMIFS(VENTES!F:F,VENTES!E:E,$A33,VENTES!D:D,"Direct",VENTES!J:J,11,VENTES!K:K,2026),0) -> 0 | O33: =IFERROR(SUMIFS(VENTES!F:F,VENTES!E:E,$A33,VENTES!D:D,"Direct",VENTES!J:J,12,VENTES!K:K,2026),0) -> 0
A36: 5. ÉVOLUTION SUR 12 MOIS
A37: INDICATEUR | B37: Jan | C37: Fév | D37: Mar | E37: Avr | F37: Mai | G37: Jun | H37: Jul | I37: Aoû | J37: Sep | K37: Oct | L37: Nov | M37: Déc
A38: CA TOTAL (€) | B38: =SUMIFS(VENTES!F3:F476,VENTES!J3:J476,1,VENTES!K3:K476,PARAMETRES!C14) -> 26972.78 | C38: =SUMIFS(VENTES!F3:F476,VENTES!J3:J476,2,VENTES!K3:K476,PARAMETRES!C14) -> 41446.71 | D38: =SUMIFS(VENTES!F3:F476,VENTES!J3:J476,3,VENTES!K3:K476,PARAMETRES!C14) -> 28509.66 | E38: =SUMIFS(VENTES!F3:F476,VENTES!J3:J476,4,VENTES!K3:K476,PARAMETRES!C14) -> 34839.25 | F38: =SUMIFS(VENTES!F3:F476,VENTES!J3:J476,5,VENTES!K3:K476,PARAMETRES!C14) -> 30976.11 | G38: =SUMIFS(VENTES!F3:F476,VENTES!J3:J476,6,VENTES!K3:K476,PARAMETRES!C14) -> 21170.26 | H38: =SUMIFS(VENTES!F3:F476,VENTES!J3:J476,7,VENTES!K3:K476,PARAMETRES!C14) -> 23380.51 | I38: =SUMIFS(VENTES!F3:F476,VENTES!J3:J476,8,VENTES!K3:K476,PARAMETRES!C14) -> 13706.27 | J38: =SUMIFS(VENTES!F3:F476,VENTES!J3:J476,9,VENTES!K3:K476,PARAMETRES!C14) -> 0 | K38: =SUMIFS(VENTES!F3:F476,VENTES!J3:J476,10,VENTES!K3:K476,PARAMETRES!C14) -> 0 | L38: =SUMIFS(VENTES!F3:F476,VENTES!J3:J476,11,VENTES!K3:K476,PARAMETRES!C14) -> 0 | M38: =SUMIFS(VENTES!F3:F476,VENTES!J3:J476,12,VENTES!K3:K476,PARAMETRES!C14) -> 0
A39: COMMISSION (€) | B39: =SUMIFS(VENTES!I3:I476,VENTES!J3:J476,1,VENTES!K3:K476,PARAMETRES!C14) -> 1455.5926 | C39: =SUMIFS(VENTES!I3:I476,VENTES!J3:J476,2,VENTES!K3:K476,PARAMETRES!C14) -> 2242.6235 | D39: =SUMIFS(VENTES!I3:I476,VENTES!J3:J476,3,VENTES!K3:K476,PARAMETRES!C14) -> 1538.9124 | E39: =SUMIFS(VENTES!I3:I476,VENTES!J3:J476,4,VENTES!K3:K476,PARAMETRES!C14) -> 1861.7673 | F39: =SUMIFS(VENTES!I3:I476,VENTES!J3:J476,5,VENTES!K3:K476,PARAMETRES!C14) -> 1628.2423 | G39: =SUMIFS(VENTES!I3:I476,VENTES!J3:J476,6,VENTES!K3:K476,PARAMETRES!C14) -> 1110.3092 | H39: =SUMIFS(VENTES!I3:I476,VENTES!J3:J476,7,VENTES!K3:K476,PARAMETRES!C14) -> 1235.3171 | I39: =SUMIFS(VENTES!I3:I476,VENTES!J3:J476,8,VENTES!K3:K476,PARAMETRES!C14) -> 685.3135 | J39: =SUMIFS(VENTES!I3:I476,VENTES!J3:J476,9,VENTES!K3:K476,PARAMETRES!C14) -> 0 | K39: =SUMIFS(VENTES!I3:I476,VENTES!J3:J476,10,VENTES!K3:K476,PARAMETRES!C14) -> 0 | L39: =SUMIFS(VENTES!I3:I476,VENTES!J3:J476,11,VENTES!K3:K476,PARAMETRES!C14) -> 0 | M39: =SUMIFS(VENTES!I3:I476,VENTES!J3:J476,12,VENTES!K3:K476,PARAMETRES!C14) -> 0
A40: NB BL | B40: =COUNTIFS(VENTES!J3:J476,1,VENTES!K3:K476,PARAMETRES!C14) -> 61 | C40: =COUNTIFS(VENTES!J3:J476,2,VENTES!K3:K476,PARAMETRES!C14) -> 68 | D40: =COUNTIFS(VENTES!J3:J476,3,VENTES!K3:K476,PARAMETRES!C14) -> 56 | E40: =COUNTIFS(VENTES!J3:J476,4,VENTES!K3:K476,PARAMETRES!C14) -> 66 | F40: =COUNTIFS(VENTES!J3:J476,5,VENTES!K3:K476,PARAMETRES!C14) -> 57 | G40: =COUNTIFS(VENTES!J3:J476,6,VENTES!K3:K476,PARAMETRES!C14) -> 51 | H40: =COUNTIFS(VENTES!J3:J476,7,VENTES!K3:K476,PARAMETRES!C14) -> 56 | I40: =COUNTIFS(VENTES!J3:J476,8,VENTES!K3:K476,PARAMETRES!C14) -> 36 | J40: =COUNTIFS(VENTES!J3:J476,9,VENTES!K3:K476,PARAMETRES!C14) -> 0 | K40: =COUNTIFS(VENTES!J3:J476,10,VENTES!K3:K476,PARAMETRES!C14) -> 0 | L40: =COUNTIFS(VENTES!J3:J476,11,VENTES!K3:K476,PARAMETRES!C14) -> 0 | M40: =COUNTIFS(VENTES!J3:J476,12,VENTES!K3:K476,PARAMETRES!C14) -> 0
B42: Jan | C42: Fév | D42: Mar | E42: Avr | F42: Mai | G42: Jun | H42: Jul | I42: Aoû | J42: Sep | K42: Oct | L42: Nov | M42: Déc
A43: SCACHAP
A44: OTERA SAS
A45: SCAOUEST
A46: ALDOUEST
A47: SCADIF

Sheet SUIVI CLIENTS
A2: SUIVI FIDÉLISATION CLIENT
A3: Enseignes Fidèles:
A4: Nouveaux Clients:
A5: Récurrence Moyenne:
A6: Pattern 2-3 mois:
A7: ⚠️ Clients à Relancer: | B7: Voir liste ci-dessous
A10: LISTE DÉTAILLÉE DES ENSEIGNES
A11: ENSEIGNE | B11: AGENT | C11: TYPE | D11: NB BL TOTAL | E11: CA TOTAL | F11: DERNIÈRE CMD | G11: MOIS SANS CMD | H11: RÉCURRENCE | I11: STATUTS | J11: ACTION
A12: {=UNIQUE(SORT(VENTES!C3:C1000))} -> ALDOUEST | B12: =IFERROR(VLOOKUP($A12,VENTES!$C:E,3,FALSE),"") -> CAP FRAIS | C12: =IFERROR(VLOOKUP($A12,VENTES!C:E,2,FALSE()),"") -> Centrale | D12: =COUNTIF(VENTES!$C:$C,$A12) -> 8 | E12: =SUMIF(VENTES!$C:$C,$A12,VENTES!$F:$F) -> 3699.5 | F12: =IFERROR(__xludf.DUMMYFUNCTION("IFERROR(MAX(FILTER(VENTES!$A:$A,VENTES!$C:$C=$A12)),"""")"),46253.0) -> 46253 | G12: =IF(F12="","",DATEDIF(F12,TODAY(),"M")) -> 1 | H12: =IFERROR(__xludf.DUMMYFUNCTION("IF(D12=0,0,D12 /MONTH(COUNTUNIQUE(FILTRE(VENTES!$A:$A,VENTES!$C:$C=$A12))) )"),0.6666666666666666) -> 0.66666667 | I12: =IF(G12="","",IF(G12 > PARAMETRES!B15,"À RELANCER","OK")) -> À RELANCER
A13: AUCHAN HYPERMARCHE AVRILLE - SAS JUIGNEDIS (SAS) | B13: =IFERROR(VLOOKUP($A13,VENTES!$C:E,3,FALSE),"") -> CAP FRAIS | C13: =IFERROR(VLOOKUP($A13,VENTES!C:E,2,FALSE()),"") -> Direct | D13: =COUNTIF(VENTES!$C:$C,$A13) -> 1 | E13: =SUMIF(VENTES!$C:$C,$A13,VENTES!$F:$F) -> 412.96 | F13: =IFERROR(__xludf.DUMMYFUNCTION("IFERROR(MAX(FILTER(VENTES!$A:$A,VENTES!$C:$C=$A13)),"""")"),45981.0) -> 45981 | G13: =IF(F13="","",DATEDIF(F13,TODAY(),"M")) -> 10 | H13: =IFERROR(__xludf.DUMMYFUNCTION("IF(D13=0,0,D13 /MONTH(COUNTUNIQUE(FILTRE(VENTES!$A:$A,VENTES!$C:$C=$A13))) )"),0.08333333333333333) -> 0.083333333 | I13: =IF(G13="","",IF(G13 > PARAMETRES!B16,"À RELANCER","OK")) -> OK
A14: CARREFOUR BELGIQUE | B14: =IFERROR(VLOOKUP($A14,VENTES!$C:E,3,FALSE),"") -> GMA GROUP | C14: =IFERROR(VLOOKUP($A14,VENTES!C:E,2,FALSE()),"") -> Centrale | D14: =COUNTIF(VENTES!$C:$C,$A14) -> 28 | E14: =SUMIF(VENTES!$C:$C,$A14,VENTES!$F:$F) -> 37163.84 | F14: =IFERROR(__xludf.DUMMYFUNCTION("IFERROR(MAX(FILTER(VENTES!$A:$A,VENTES!$C:$C=$A14)),"""")"),46168.0) -> 46168 | G14: =IF(F14="","",DATEDIF(F14,TODAY(),"M")) -> 3 | H14: =IFERROR(__xludf.DUMMYFUNCTION("IF(D14=0,0,D14 /MONTH(COUNTUNIQUE(FILTRE(VENTES!$A:$A,VENTES!$C:$C=$A14))) )"),2.3333333333333335) -> 2.3333333 | I14: =IF(G14="","",IF(G14 > PARAMETRES!B17,"À RELANCER","OK")) -> À RELANCER
A15: E. LECLERC PONTCHATEAU (SAS) | B15: =IFERROR(VLOOKUP($A15,VENTES!$C:E,3,FALSE),"") -> CAP FRAIS | C15: =IFERROR(VLOOKUP($A15,VENTES!C:E,2,FALSE()),"") -> Direct | D15: =COUNTIF(VENTES!$C:$C,$A15) -> 3 | E15: =SUMIF(VENTES!$C:$C,$A15,VENTES!$F:$F) -> 2811.84 | F15: =IFERROR(__xludf.DUMMYFUNCTION("IFERROR(MAX(FILTER(VENTES!$A:$A,VENTES!$C:$C=$A15)),"""")"),46155.0) -> 46155 | G15: =IF(F15="","",DATEDIF(F15,TODAY(),"M")) -> 4 | H15: =IFERROR(__xludf.DUMMYFUNCTION("IF(D15=0,0,D15 /MONTH(COUNTUNIQUE(FILTRE(VENTES!$A:$A,VENTES!$C:$C=$A15))) )"),0.25) -> 0.25 | I15: =IF(G15="","",IF(G15 > PARAMETRES!B18,"À RELANCER","OK")) -> OK
A16: HYPER U ST PHILBERT DE GRANDLIEU- PHILDIS SAS - | B16: =IFERROR(VLOOKUP($A16,VENTES!$C:E,3,FALSE),"") -> CAP FRAIS | C16: =IFERROR(VLOOKUP($A16,VENTES!C:E,2,FALSE()),"") -> Direct | D16: =COUNTIF(VENTES!$C:$C,$A16) -> 1 | E16: =SUMIF(VENTES!$C:$C,$A16,VENTES!$F:$F) -> 389.76 | F16: =IFERROR(__xludf.DUMMYFUNCTION("IFERROR(MAX(FILTER(VENTES!$A:$A,VENTES!$C:$C=$A16)),"""")"),46072.0) -> 46072 | G16: =IF(F16="","",DATEDIF(F16,TODAY(),"M")) -> 7 | H16: =IFERROR(__xludf.DUMMYFUNCTION("IF(D16=0,0,D16 /MONTH(COUNTUNIQUE(FILTRE(VENTES!$A:$A,VENTES!$C:$C=$A16))) )"),0.08333333333333333) -> 0.083333333 | I16: =IF(G16="","",IF(G16 > PARAMETRES!B19,"À RELANCER","OK")) -> OK
A17: HYPER U -Savenay (SAS) | B17: =IFERROR(VLOOKUP($A17,VENTES!$C:E,3,FALSE),"") -> CAP FRAIS | C17: =IFERROR(VLOOKUP($A17,VENTES!C:E,2,FALSE()),"") -> Direct | D17: =COUNTIF(VENTES!$C:$C,$A17) -> 4 | E17: =SUMIF(VENTES!$C:$C,$A17,VENTES!$F:$F) -> 1763.2 | F17: =IFERROR(__xludf.DUMMYFUNCTION("IFERROR(MAX(FILTER(VENTES!$A:$A,VENTES!$C:$C=$A17)),"""")"),46104.0) -> 46104 | G17: =IF(F17="","",DATEDIF(F17,TODAY(),"M")) -> 5 | H17: =IFERROR(__xludf.DUMMYFUNCTION("IF(D17=0,0,D17 /MONTH(COUNTUNIQUE(FILTRE(VENTES!$A:$A,VENTES!$C:$C=$A17))) )"),0.3333333333333333) -> 0.33333333 | I17: =IF(G17="","",IF(G17 > PARAMETRES!B20,"À RELANCER","OK")) -> OK
A18: HYPER U LA MONTAGNE- SARL SODISUD | B18: =IFERROR(VLOOKUP($A18,VENTES!$C:E,3,FALSE),"") -> CAP FRAIS | C18: =IFERROR(VLOOKUP($A18,VENTES!C:E,2,FALSE()),"") -> Direct | D18: =COUNTIF(VENTES!$C:$C,$A18) -> 1 | E18: =SUMIF(VENTES!$C:$C,$A18,VENTES!$F:$F) -> 389.76 | F18: =IFERROR(__xludf.DUMMYFUNCTION("IFERROR(MAX(FILTER(VENTES!$A:$A,VENTES!$C:$C=$A18)),"""")"),46070.0) -> 46070 | G18: =IF(F18="","",DATEDIF(F18,TODAY(),"M")) -> 7 | H18: =IFERROR(__xludf.DUMMYFUNCTION("IF(D18=0,0,D18 /MONTH(COUNTUNIQUE(FILTRE(VENTES!$A:$A,VENTES!$C:$C=$A18))) )"),0.08333333333333333) -> 0.083333333 | I18: =IF(G18="","",IF(G18 > PARAMETRES!B21,"À RELANCER","OK")) -> OK
A19: HYPER U LES HERBIERS ( SAS EXAGONE) | B19: =IFERROR(VLOOKUP($A19,VENTES!$C:E,3,FALSE),"") -> CAP FRAIS | C19: =IFERROR(VLOOKUP($A19,VENTES!C:E,2,FALSE()),"") -> Direct | D19: =COUNTIF(VENTES!$C:$C,$A19) -> 4 | E19: =SUMIF(VENTES!$C:$C,$A19,VENTES!$F:$F) -> 2060.16 | F19: =IFERROR(__xludf.DUMMYFUNCTION("IFERROR(MAX(FILTER(VENTES!$A:$A,VENTES!$C:$C=$A19)),"""")"),46106.0) -> 46106 | G19: =IF(F19="","",DATEDIF(F19,TODAY(),"M")) -> 5 | H19: =IFERROR(__xludf.DUMMYFUNCTION("IF(D19=0,0,D19 /MONTH(COUNTUNIQUE(FILTRE(VENTES!$A:$A,VENTES!$C:$C=$A19))) )"),0.3333333333333333) -> 0.33333333 | I19: =IF(G19="","",IF(G19 > PARAMETRES!B22,"À RELANCER","OK")) -> À RELANCER
A20: INTERMARCHE CANNES PONT DES GARBES | B20: =IFERROR(VLOOKUP($A20,VENTES!$C:E,3,FALSE),"") -> SCHLESSER | C20: =IFERROR(VLOOKUP($A20,VENTES!C:E,2,FALSE()),"") -> Direct | D20: =COUNTIF(VENTES!$C:$C,$A20) -> 1 | E20: =SUMIF(VENTES!$C:$C,$A20,VENTES!$F:$F) -> 320.16 | F20: =IFERROR(__xludf.DUMMYFUNCTION("IFERROR(MAX(FILTER(VENTES!$A:$A,VENTES!$C:$C=$A20)),"""")"),46065.0) -> 46065 | G20: =IF(F20="","",DATEDIF(F20,TODAY(),"M")) -> 7 | H20: =IFERROR(__xludf.DUMMYFUNCTION("IF(D20=0,0,D20 /MONTH(COUNTUNIQUE(FILTRE(VENTES!$A:$A,VENTES!$C:$C=$A20))) )"),0.08333333333333333) -> 0.083333333 | I20: =IF(G20="","",IF(G20 > PARAMETRES!B23,"À RELANCER","OK")) -> À RELANCER
A21: INTERMARCHE coulounieix chamiers (COCHAME) | B21: =IFERROR(VLOOKUP($A21,VENTES!$C:E,3,FALSE),"") -> CAP FRAIS | C21: =IFERROR(VLOOKUP($A21,VENTES!C:E,2,FALSE()),"") -> Direct | D21: =COUNTIF(VENTES!$C:$C,$A21) -> 1 | E21: =SUMIF(VENTES!$C:$C,$A21,VENTES!$F:$F) -> 426.88 | F21: =IFERROR(__xludf.DUMMYFUNCTION("IFERROR(MAX(FILTER(VENTES!$A:$A,VENTES!$C:$C=$A21)),"""")"),45964.0) -> 45964 | G21: =IF(F21="","",DATEDIF(F21,TODAY(),"M")) -> 10 | H21: =IFERROR(__xludf.DUMMYFUNCTION("IF(D21=0,0,D21 /MONTH(COUNTUNIQUE(FILTRE(VENTES!$A:$A,VENTES!$C:$C=$A21))) )"),0.08333333333333333) -> 0.083333333 | I21: =IF(G21="","",IF(G21 > PARAMETRES!B24,"À RELANCER","OK")) -> OK
A22: INTERMARCHE GRAND FOUGERAY (SAS ) | B22: =IFERROR(VLOOKUP($A22,VENTES!$C:E,3,FALSE),"") -> CAP FRAIS | C22: =IFERROR(VLOOKUP($A22,VENTES!C:E,2,FALSE()),"") -> Direct | D22: =COUNTIF(VENTES!$C:$C,$A22) -> 2 | E22: =SUMIF(VENTES!$C:$C,$A22,VENTES!$F:$F) -> 733.12 | F22: =IFERROR(__xludf.DUMMYFUNCTION("IFERROR(MAX(FILTER(VENTES!$A:$A,VENTES!$C:$C=$A22)),"""")"),46092.0) -> 46092 | G22: =IF(F22="","",DATEDIF(F22,TODAY(),"M")) -> 6 | H22: =IFERROR(__xludf.DUMMYFUNCTION("IF(D22=0,0,D22 /MONTH(COUNTUNIQUE(FILTRE(VENTES!$A:$A,VENTES!$C:$C=$A22))) )"),0.16666666666666666) -> 0.16666667 | I22: =IF(G22="","",IF(G22 > PARAMETRES!B25,"À RELANCER","OK")) -> OK
A23: LECLERC CERNAY | B23: =IFERROR(VLOOKUP($A23,VENTES!$C:E,3,FALSE),"") -> BROCARD | C23: =IFERROR(VLOOKUP($A23,VENTES!C:E,2,FALSE()),"") -> Direct | D23: =COUNTIF(VENTES!$C:$C,$A23) -> 4 | E23: =SUMIF(VENTES!$C:$C,$A23,VENTES!$F:$F) -> 1758.56 | F23: =IFERROR(__xludf.DUMMYFUNCTION("IFERROR(MAX(FILTER(VENTES!$A:$A,VENTES!$C:$C=$A23)),"""")"),46111.0) -> 46111 | G23: =IF(F23="","",DATEDIF(F23,TODAY(),"M")) -> 5 | H23: =IFERROR(__xludf.DUMMYFUNCTION("IF(D23=0,0,D23 /MONTH(COUNTUNIQUE(FILTRE(VENTES!$A:$A,VENTES!$C:$C=$A23))) )"),0.3333333333333333) -> 0.33333333 | I23: =IF(G23="","",IF(G23 > PARAMETRES!B26,"À RELANCER","OK")) -> À RELANCER
A24: LECLERC FLEURY LES AUBRAIS (SOCAMAINE) | B24: =IFERROR(VLOOKUP($A24,VENTES!$C:E,3,FALSE),"") -> CAP FRAIS | C24: =IFERROR(VLOOKUP($A24,VENTES!C:E,2,FALSE()),"") -> Direct | D24: =COUNTIF(VENTES!$C:$C,$A24) -> 1 | E24: =SUMIF(VENTES!$C:$C,$A24,VENTES!$F:$F) -> 457.12 | F24: =IFERROR(__xludf.DUMMYFUNCTION("IFERROR(MAX(FILTER(VENTES!$A:$A,VENTES!$C:$C=$A24)),"""")"),46034.0) -> 46034 | G24: =IF(F24="","",DATEDIF(F24,TODAY(),"M")) -> 8 | H24: =IFERROR(__xludf.DUMMYFUNCTION("IF(D24=0,0,D24 /MONTH(COUNTUNIQUE(FILTRE(VENTES!$A:$A,VENTES!$C:$C=$A24))) )"),0.08333333333333333) -> 0.083333333 | I24: =IF(G24="","",IF(G24 > PARAMETRES!B27,"À RELANCER","OK")) -> À RELANCER
A25: LECLERC OLONNE SUR MER (SODILONNE) | B25: =IFERROR(VLOOKUP($A25,VENTES!$C:E,3,FALSE),"") -> CAP FRAIS | C25: =IFERROR(VLOOKUP($A25,VENTES!C:E,2,FALSE()),"") -> Direct | D25: =COUNTIF(VENTES!$C:$C,$A25) -> 5 | E25: =SUMIF(VENTES!$C:$C,$A25,VENTES!$F:$F) -> 2681.92 | F25: =IFERROR(__xludf.DUMMYFUNCTION("IFERROR(MAX(FILTER(VENTES!$A:$A,VENTES!$C:$C=$A25)),"""")"),46224.0) -> 46224 | G25: =IF(F25="","",DATEDIF(F25,TODAY(),"M")) -> 2 | H25: =IFERROR(__xludf.DUMMYFUNCTION("IF(D25=0,0,D25 /MONTH(COUNTUNIQUE(FILTRE(VENTES!$A:$A,VENTES!$C:$C=$A25))) )"),0.4166666666666667) -> 0.41666667 | I25: =IF(G25="","",IF(G25 > PARAMETRES!B28,"À RELANCER","OK")) -> À RELANCER
A26: LECLERC SOCAMAINE SAS FONDIS | B26: =IFERROR(VLOOKUP($A26,VENTES!$C:E,3,FALSE),"") -> CAP FRAIS | C26: =IFERROR(VLOOKUP($A26,VENTES!C:E,2,FALSE()),"") -> Direct | D26: =COUNTIF(VENTES!$C:$C,$A26) -> 1 | E26: =SUMIF(VENTES!$C:$C,$A26,VENTES!$F:$F) -> 464 | F26: =IFERROR(__xludf.DUMMYFUNCTION("IFERROR(MAX(FILTER(VENTES!$A:$A,VENTES!$C:$C=$A26)),"""")"),45973.0) -> 45973 | G26: =IF(F26="","",DATEDIF(F26,TODAY(),"M")) -> 10 | H26: =IFERROR(__xludf.DUMMYFUNCTION("IF(D26=0,0,D26 /MONTH(COUNTUNIQUE(FILTRE(VENTES!$A:$A,VENTES!$C:$C=$A26))) )"),0.08333333333333333) -> 0.083333333 | I26: =IF(G26="","",IF(G26 > Mail!A2,"À RELANCER","OK")) -> OK
A27: LES PLATANES - ITM ROCHEFORT (SAS) | B27: =IFERROR(VLOOKUP($A27,VENTES!$C:E,3,FALSE),"") -> CAP FRAIS | C27: =IFERROR(VLOOKUP($A27,VENTES!C:E,2,FALSE()),"") -> Direct | D27: =COUNTIF(VENTES!$C:$C,$A27) -> 2 | E27: =SUMIF(VENTES!$C:$C,$A27,VENTES!$F:$F) -> 793.44 | F27: =IFERROR(__xludf.DUMMYFUNCTION("IFERROR(MAX(FILTER(VENTES!$A:$A,VENTES!$C:$C=$A27)),"""")"),46043.0) -> 46043 | G27: =IF(F27="","",DATEDIF(F27,TODAY(),"M")) -> 8 | H27: =IFERROR(__xludf.DUMMYFUNCTION("IF(D27=0,0,D27 /MONTH(COUNTUNIQUE(FILTRE(VENTES!$A:$A,VENTES!$C:$C=$A27))) )"),0.16666666666666666) -> 0.16666667 | I27: =IF(G27="","",IF(G27 > PARAMETRES!B30,"À RELANCER","OK")) -> À RELANCER
A28: OTERA SAS | B28: =IFERROR(VLOOKUP($A28,VENTES!$C:E,3,FALSE),"") -> CAP FRAIS | C28: =IFERROR(VLOOKUP($A28,VENTES!C:E,2,FALSE()),"") -> Centrale | D28: =COUNTIF(VENTES!$C:$C,$A28) -> 62 | E28: =SUMIF(VENTES!$C:$C,$A28,VENTES!$F:$F) -> 26423.75 | F28: =IFERROR(__xludf.DUMMYFUNCTION("IFERROR(MAX(FILTER(VENTES!$A:$A,VENTES!$C:$C=$A28)),"""")"),46260.0) -> 46260 | G28: =IF(F28="","",DATEDIF(F28,TODAY(),"M")) -> 0 | H28: =IFERROR(__xludf.DUMMYFUNCTION("IF(D28=0,0,D28 /MONTH(COUNTUNIQUE(FILTRE(VENTES!$A:$A,VENTES!$C:$C=$A28))) )"),5.166666666666667) -> 5.1666667 | I28: =IF(G28="","",IF(G28 > PARAMETRES!B31,"À RELANCER","OK")) -> OK
A29: RENOUEST ( E.LECLERC RENNES ) (SAS) | B29: =IFERROR(VLOOKUP($A29,VENTES!$C:E,3,FALSE),"") -> CAP FRAIS | C29: =IFERROR(VLOOKUP($A29,VENTES!C:E,2,FALSE()),"") -> Direct | D29: =COUNTIF(VENTES!$C:$C,$A29) -> 4 | E29: =SUMIF(VENTES!$C:$C,$A29,VENTES!$F:$F) -> 2490.44 | F29: =IFERROR(__xludf.DUMMYFUNCTION("IFERROR(MAX(FILTER(VENTES!$A:$A,VENTES!$C:$C=$A29)),"""")"),46188.0) -> 46188 | G29: =IF(F29="","",DATEDIF(F29,TODAY(),"M")) -> 3 | H29: =IFERROR(__xludf.DUMMYFUNCTION("IF(D29=0,0,D29 /MONTH(COUNTUNIQUE(FILTRE(VENTES!$A:$A,VENTES!$C:$C=$A29))) )"),0.3333333333333333) -> 0.33333333 | I29: =IF(G29="","",IF(G29 > PARAMETRES!B32,"À RELANCER","OK")) -> À RELANCER
A30: SA SUPER U L'EPINE (NOIRMOUTIER) | B30: =IFERROR(VLOOKUP($A30,VENTES!$C:E,3,FALSE),"") -> CAP FRAIS | C30: =IFERROR(VLOOKUP($A30,VENTES!C:E,2,FALSE()),"") -> Direct | D30: =COUNTIF(VENTES!$C:$C,$A30) -> 2 | E30: =SUMIF(VENTES!$C:$C,$A30,VENTES!$F:$F) -> 884.15 | F30: =IFERROR(__xludf.DUMMYFUNCTION("IFERROR(MAX(FILTER(VENTES!$A:$A,VENTES!$C:$C=$A30)),"""")"),46220.0) -> 46220 | G30: =IF(F30="","",DATEDIF(F30,TODAY(),"M")) -> 2 | H30: =IFERROR(__xludf.DUMMYFUNCTION("IF(D30=0,0,D30 /MONTH(COUNTUNIQUE(FILTRE(VENTES!$A:$A,VENTES!$C:$C=$A30))) )"),0.16666666666666666) -> 0.16666667 | I30: =IF(G30="","",IF(G30 > PARAMETRES!B33,"À RELANCER","OK")) -> À RELANCER
A31: SA TRUCHIDIM - SUPER U - TRUCHTERSHEIM | B31: =IFERROR(VLOOKUP($A31,VENTES!$C:E,3,FALSE),"") -> BROCARD | C31: =IFERROR(VLOOKUP($A31,VENTES!C:E,2,FALSE()),"") -> Direct | D31: =COUNTIF(VENTES!$C:$C,$A31) -> 2 | E31: =SUMIF(VENTES!$C:$C,$A31,VENTES!$F:$F) -> 974.4 | F31: =IFERROR(__xludf.DUMMYFUNCTION("IFERROR(MAX(FILTER(VENTES!$A:$A,VENTES!$C:$C=$A31)),"""")"),46119.0) -> 46119 | G31: =IF(F31="","",DATEDIF(F31,TODAY(),"M")) -> 5 | H31: =IFERROR(__xludf.DUMMYFUNCTION("IF(D31=0,0,D31 /MONTH(COUNTUNIQUE(FILTRE(VENTES!$A:$A,VENTES!$C:$C=$A31))) )"),0.16666666666666666) -> 0.16666667 | I31: =IF(G31="","",IF(G31 > PARAMETRES!B34,"À RELANCER","OK")) -> À RELANCER
A32: SAS AUCHAN SEMECOURT | B32: =IFERROR(VLOOKUP($A32,VENTES!$C:E,3,FALSE),"") -> BROCARD | C32: =IFERROR(VLOOKUP($A32,VENTES!C:E,2,FALSE()),"") -> Direct | D32: =COUNTIF(VENTES!$C:$C,$A32) -> 1 | E32: =SUMIF(VENTES!$C:$C,$A32,VENTES!$F:$F) -> 445.44 | F32: =IFERROR(__xludf.DUMMYFUNCTION("IFERROR(MAX(FILTER(VENTES!$A:$A,VENTES!$C:$C=$A32)),"""")"),46079.0) -> 46079 | G32: =IF(F32="","",DATEDIF(F32,TODAY(),"M")) -> 6 | H32: =IFERROR(__xludf.DUMMYFUNCTION("IF(D32=0,0,D32 /MONTH(COUNTUNIQUE(FILTRE(VENTES!$A:$A,VENTES!$C:$C=$A32))) )"),0.08333333333333333) -> 0.083333333 | I32: =IF(G32="","",IF(G32 > PARAMETRES!B35,"À RELANCER","OK")) -> À RELANCER
A33: SAS INTERMARCHE - PONT DES GARBES | B33: =IFERROR(VLOOKUP($A33,VENTES!$C:E,3,FALSE),"") -> SCHLESSER | C33: =IFERROR(VLOOKUP($A33,VENTES!C:E,2,FALSE()),"") -> Direct | D33: =COUNTIF(VENTES!$C:$C,$A33) -> 1 | E33: =SUMIF(VENTES!$C:$C,$A33,VENTES!$F:$F) -> 320.16 | F33: =IFERROR(__xludf.DUMMYFUNCTION("IFERROR(MAX(FILTER(VENTES!$A:$A,VENTES!$C:$C=$A33)),"""")"),46039.0) -> 46039 | G33: =IF(F33="","",DATEDIF(F33,TODAY(),"M")) -> 8 | H33: =IFERROR(__xludf.DUMMYFUNCTION("IF(D33=0,0,D33 /MONTH(COUNTUNIQUE(FILTRE(VENTES!$A:$A,VENTES!$C:$C=$A33))) )"),0.08333333333333333) -> 0.083333333 | I33: =IF(G33="","",IF(G33 > PARAMETRES!B36,"À RELANCER","OK")) -> À RELANCER
A34: SAS INTERMARCHE - ROURET | B34: =IFERROR(VLOOKUP($A34,VENTES!$C:E,3,FALSE),"") -> SCHLESSER | C34: =IFERROR(VLOOKUP($A34,VENTES!C:E,2,FALSE()),"") -> Direct | D34: =COUNTIF(VENTES!$C:$C,$A34) -> 1 | E34: =SUMIF(VENTES!$C:$C,$A34,VENTES!$F:$F) -> 320.16 | F34: =IFERROR(__xludf.DUMMYFUNCTION("IFERROR(MAX(FILTER(VENTES!$A:$A,VENTES!$C:$C=$A34)),"""")"),46039.0) -> 46039 | G34: =IF(F34="","",DATEDIF(F34,TODAY(),"M")) -> 8 | H34: =IFERROR(__xludf.DUMMYFUNCTION("IF(D34=0,0,D34 /MONTH(COUNTUNIQUE(FILTRE(VENTES!$A:$A,VENTES!$C:$C=$A34))) )"),0.08333333333333333) -> 0.083333333 | I34: =IF(G34="","",IF(G34 > PARAMETRES!B37,"À RELANCER","OK")) -> À RELANCER
A35: SAS INTERMARCHE LIMOGES | B35: =IFERROR(VLOOKUP($A35,VENTES!$C:E,3,FALSE),"") -> CAP FRAIS | C35: =IFERROR(VLOOKUP($A35,VENTES!C:E,2,FALSE()),"") -> Direct | D35: =COUNTIF(VENTES!$C:$C,$A35) -> 1 | E35: =SUMIF(VENTES!$C:$C,$A35,VENTES!$F:$F) -> 423.63 | F35: =IFERROR(__xludf.DUMMYFUNCTION("IFERROR(MAX(FILTER(VENTES!$A:$A,VENTES!$C:$C=$A35)),"""")"),46094.0) -> 46094 | G35: =IF(F35="","",DATEDIF(F35,TODAY(),"M")) -> 6 | H35: =IFERROR(__xludf.DUMMYFUNCTION("IF(D35=0,0,D35 /MONTH(COUNTUNIQUE(FILTRE(VENTES!$A:$A,VENTES!$C:$C=$A35))) )"),0.08333333333333333) -> 0.083333333 | I35: =IF(G35="","",IF(G35 > PARAMETRES!B38,"À RELANCER","OK")) -> À RELANCER
A36: SAS JODI - ITM EXPRESS NANTES ST JOSEPH | B36: =IFERROR(VLOOKUP($A36,VENTES!$C:E,3,FALSE),"") -> CAP FRAIS | C36: =IFERROR(VLOOKUP($A36,VENTES!C:E,2,FALSE()),"") -> Direct | D36: =COUNTIF(VENTES!$C:$C,$A36) -> 3 | E36: =SUMIF(VENTES!$C:$C,$A36,VENTES!$F:$F) -> 1243.75 | F36: =IFERROR(__xludf.DUMMYFUNCTION("IFERROR(MAX(FILTER(VENTES!$A:$A,VENTES!$C:$C=$A36)),"""")"),46197.0) -> 46197 | G36: =IF(F36="","",DATEDIF(F36,TODAY(),"M")) -> 2 | H36: =IFERROR(__xludf.DUMMYFUNCTION("IF(D36=0,0,D36 /MONTH(COUNTUNIQUE(FILTRE(VENTES!$A:$A,VENTES!$C:$C=$A36))) )"),0.25) -> 0.25 | I36: =IF(G36="","",IF(G36 > PARAMETRES!B39,"À RELANCER","OK")) -> À RELANCER
A37: SAS KERVILLY ( E.LECLERC QUIMPER ) | B37: =IFERROR(VLOOKUP($A37,VENTES!$C:E,3,FALSE),"") -> CAP FRAIS | C37: =IFERROR(VLOOKUP($A37,VENTES!C:E,2,FALSE()),"") -> Direct | D37: =COUNTIF(VENTES!$C:$C,$A37) -> 1 | E37: =SUMIF(VENTES!$C:$C,$A37,VENTES!$F:$F) -> 440.8 | F37: =IFERROR(__xludf.DUMMYFUNCTION("IFERROR(MAX(FILTER(VENTES!$A:$A,VENTES!$C:$C=$A37)),"""")"),46146.0) -> 46146 | G37: =IF(F37="","",DATEDIF(F37,TODAY(),"M")) -> 4 | H37: =IFERROR(__xludf.DUMMYFUNCTION("IF(D37=0,0,D37 /MONTH(COUNTUNIQUE(FILTRE(VENTES!$A:$A,VENTES!$C:$C=$A37))) )"),0.08333333333333333) -> 0.083333333 | I37: =IF(G37="","",IF(G37 > PARAMETRES!B40,"À RELANCER","OK")) -> À RELANCER
A38: SAS LECLERC ERSTEIN | B38: =IFERROR(VLOOKUP($A38,VENTES!$C:E,3,FALSE),"") -> BROCARD | C38: =IFERROR(VLOOKUP($A38,VENTES!C:E,2,FALSE()),"") -> Direct | D38: =COUNTIF(VENTES!$C:$C,$A38) -> 3 | E38: =SUMIF(VENTES!$C:$C,$A38,VENTES!$F:$F) -> 1401.28 | F38: =IFERROR(__xludf.DUMMYFUNCTION("IFERROR(MAX(FILTER(VENTES!$A:$A,VENTES!$C:$C=$A38)),"""")"),46127.0) -> 46127 | G38: =IF(F38="","",DATEDIF(F38,TODAY(),"M")) -> 5 | H38: =IFERROR(__xludf.DUMMYFUNCTION("IF(D38=0,0,D38 /MONTH(COUNTUNIQUE(FILTRE(VENTES!$A:$A,VENTES!$C:$C=$A38))) )"),0.25) -> 0.25 | I38: =IF(G38="","",IF(G38 > PARAMETRES!B41,"À RELANCER","OK")) -> À RELANCER
A39: SAS LECLERC GRASS | B39: =IFERROR(VLOOKUP($A39,VENTES!$C:E,3,FALSE),"") -> SCHLESSER | C39: =IFERROR(VLOOKUP($A39,VENTES!C:E,2,FALSE()),"") -> Direct | D39: =COUNTIF(VENTES!$C:$C,$A39) -> 3 | E39: =SUMIF(VENTES!$C:$C,$A39,VENTES!$F:$F) -> 2705.12 | F39: =IFERROR(__xludf.DUMMYFUNCTION("IFERROR(MAX(FILTER(VENTES!$A:$A,VENTES!$C:$C=$A39)),"""")"),46140.0) -> 46140 | G39: =IF(F39="","",DATEDIF(F39,TODAY(),"M")) -> 4 | H39: =IFERROR(__xludf.DUMMYFUNCTION("IF(D39=0,0,D39 /MONTH(COUNTUNIQUE(FILTRE(VENTES!$A:$A,VENTES!$C:$C=$A39))) )"),0.25) -> 0.25 | I39: =IF(G39="","",IF(G39 > PARAMETRES!B42,"À RELANCER","OK")) -> À RELANCER
A40: SAS LECLERC HYPERMARCHE HIRSINGUE - SAS | B40: =IFERROR(VLOOKUP($A40,VENTES!$C:E,3,FALSE),"") -> BROCARD | C40: =IFERROR(VLOOKUP($A40,VENTES!C:E,2,FALSE()),"") -> Direct | D40: =COUNTIF(VENTES!$C:$C,$A40) -> 2 | E40: =SUMIF(VENTES!$C:$C,$A40,VENTES!$F:$F) -> 918.72 | F40: =IFERROR(__xludf.DUMMYFUNCTION("IFERROR(MAX(FILTER(VENTES!$A:$A,VENTES!$C:$C=$A40)),"""")"),46157.0) -> 46157 | G40: =IF(F40="","",DATEDIF(F40,TODAY(),"M")) -> 4 | H40: =IFERROR(__xludf.DUMMYFUNCTION("IF(D40=0,0,D40 /MONTH(COUNTUNIQUE(FILTRE(VENTES!$A:$A,VENTES!$C:$C=$A40))) )"),0.16666666666666666) -> 0.16666667 | I40: =IF(G40="","",IF(G40 > PARAMETRES!B43,"À RELANCER","OK")) -> À RELANCER
A41: SAS LORIENCE ITM TOULON | B41: =IFERROR(VLOOKUP($A41,VENTES!$C:E,3,FALSE),"") -> SCHLESSER | C41: =IFERROR(VLOOKUP($A41,VENTES!C:E,2,FALSE()),"") -> Direct | D41: =COUNTIF(VENTES!$C:$C,$A41) -> 3 | E41: =SUMIF(VENTES!$C:$C,$A41,VENTES!$F:$F) -> 1183.2 | F41: =IFERROR(__xludf.DUMMYFUNCTION("IFERROR(MAX(FILTER(VENTES!$A:$A,VENTES!$C:$C=$A41)),"""")"),46078.0) -> 46078 | G41: =IF(F41="","",DATEDIF(F41,TODAY(),"M")) -> 6 | H41: =IFERROR(__xludf.DUMMYFUNCTION("IF(D41=0,0,D41 /MONTH(COUNTUNIQUE(FILTRE(VENTES!$A:$A,VENTES!$C:$C=$A41))) )"),0.25) -> 0.25 | I41: =IF(G41="","",IF(G41 > PARAMETRES!B44,"À RELANCER","OK")) -> À RELANCER
A42: SAS NOIDIS (E LECLERC - PUSEY) | B42: =IFERROR(VLOOKUP($A42,VENTES!$C:E,3,FALSE),"") -> BROCARD | C42: =IFERROR(VLOOKUP($A42,VENTES!C:E,2,FALSE()),"") -> Direct | D42: =COUNTIF(VENTES!$C:$C,$A42) -> 1 | E42: =SUMIF(VENTES!$C:$C,$A42,VENTES!$F:$F) -> 487.2 | F42: =IFERROR(__xludf.DUMMYFUNCTION("IFERROR(MAX(FILTER(VENTES!$A:$A,VENTES!$C:$C=$A42)),"""")"),46115.0) -> 46115 | G42: =IF(F42="","",DATEDIF(F42,TODAY(),"M")) -> 5 | H42: =IFERROR(__xludf.DUMMYFUNCTION("IF(D42=0,0,D42 /MONTH(COUNTUNIQUE(FILTRE(VENTES!$A:$A,VENTES!$C:$C=$A42))) )"),0.08333333333333333) -> 0.083333333 | I42: =IF(G42="","",IF(G42 > PARAMETRES!B45,"À RELANCER","OK")) -> À RELANCER
A43: SAS PARIS DISTRIBUTION | B43: =IFERROR(VLOOKUP($A43,VENTES!$C:E,3,FALSE),"") -> CAP FRAIS | C43: =IFERROR(VLOOKUP($A43,VENTES!C:E,2,FALSE()),"") -> Direct | D43: =COUNTIF(VENTES!$C:$C,$A43) -> 3 | E43: =SUMIF(VENTES!$C:$C,$A43,VENTES!$F:$F) -> 2139.04 | F43: =IFERROR(__xludf.DUMMYFUNCTION("IFERROR(MAX(FILTER(VENTES!$A:$A,VENTES!$C:$C=$A43)),"""")"),46115.0) -> 46115 | G43: =IF(F43="","",DATEDIF(F43,TODAY(),"M")) -> 5 | H43: =IFERROR(__xludf.DUMMYFUNCTION("IF(D43=0,0,D43 /MONTH(COUNTUNIQUE(FILTRE(VENTES!$A:$A,VENTES!$C:$C=$A43))) )"),0.25) -> 0.25 | I43: =IF(G43="","",IF(G43 > PARAMETRES!B46,"À RELANCER","OK")) -> À RELANCER
A44: SAS SODIHARDT (SUPER U - GUNDERSHOFFEN) | B44: =IFERROR(VLOOKUP($A44,VENTES!$C:E,3,FALSE),"") -> BROCARD | C44: =IFERROR(VLOOKUP($A44,VENTES!C:E,2,FALSE()),"") -> Direct | D44: =COUNTIF(VENTES!$C:$C,$A44) -> 1 | E44: =SUMIF(VENTES!$C:$C,$A44,VENTES!$F:$F) -> 464 | F44: =IFERROR(__xludf.DUMMYFUNCTION("IFERROR(MAX(FILTER(VENTES!$A:$A,VENTES!$C:$C=$A44)),"""")"),46148.0) -> 46148 | G44: =IF(F44="","",DATEDIF(F44,TODAY(),"M")) -> 4 | H44: =IFERROR(__xludf.DUMMYFUNCTION("IF(D44=0,0,D44 /MONTH(COUNTUNIQUE(FILTRE(VENTES!$A:$A,VENTES!$C:$C=$A44))) )"),0.08333333333333333) -> 0.083333333 | I44: =IF(G44="","",IF(G44 > PARAMETRES!B47,"À RELANCER","OK")) -> À RELANCER
A45: SAS SU LA TRANCHE SUR MER | B45: =IFERROR(VLOOKUP($A45,VENTES!$C:E,3,FALSE),"") -> CAP FRAIS | C45: =IFERROR(VLOOKUP($A45,VENTES!C:E,2,FALSE()),"") -> Direct | D45: =COUNTIF(VENTES!$C:$C,$A45) -> 1 | E45: =SUMIF(VENTES!$C:$C,$A45,VENTES!$F:$F) -> 501.12 | F45: =IFERROR(__xludf.DUMMYFUNCTION("IFERROR(MAX(FILTER(VENTES!$A:$A,VENTES!$C:$C=$A45)),"""")"),46220.0) -> 46220 | G45: =IF(F45="","",DATEDIF(F45,TODAY(),"M")) -> 2 | H45: =IFERROR(__xludf.DUMMYFUNCTION("IF(D45=0,0,D45 /MONTH(COUNTUNIQUE(FILTRE(VENTES!$A:$A,VENTES!$C:$C=$A45))) )"),0.08333333333333333) -> 0.083333333 | I45: =IF(G45="","",IF(G45 > PARAMETRES!B48,"À RELANCER","OK")) -> À RELANCER
A46: SAS SU OLONNE SUR MER | B46: =IFERROR(VLOOKUP($A46,VENTES!$C:E,3,FALSE),"") -> CAP FRAIS | C46: =IFERROR(VLOOKUP($A46,VENTES!C:E,2,FALSE()),"") -> Direct | D46: =COUNTIF(VENTES!$C:$C,$A46) -> 1 | E46: =SUMIF(VENTES!$C:$C,$A46,VENTES!$F:$F) -> 425.95 | F46: =IFERROR(__xludf.DUMMYFUNCTION("IFERROR(MAX(FILTER(VENTES!$A:$A,VENTES!$C:$C=$A46)),"""")"),46206.0) -> 46206 | G46: =IF(F46="","",DATEDIF(F46,TODAY(),"M")) -> 2 | H46: =IFERROR(__xludf.DUMMYFUNCTION("IF(D46=0,0,D46 /MONTH(COUNTUNIQUE(FILTRE(VENTES!$A:$A,VENTES!$C:$C=$A46))) )"),0.08333333333333333) -> 0.083333333 | I46: =IF(G46="","",IF(G46 > PARAMETRES!B49,"À RELANCER","OK")) -> À RELANCER
A47: SAS SU OLONNE SUR MER (SAS CHATODIS) | B47: =IFERROR(VLOOKUP($A47,VENTES!$C:E,3,FALSE),"") -> CAP FRAIS | C47: =IFERROR(VLOOKUP($A47,VENTES!C:E,2,FALSE()),"") -> Direct | D47: =COUNTIF(VENTES!$C:$C,$A47) -> 1 | E47: =SUMIF(VENTES!$C:$C,$A47,VENTES!$F:$F) -> 501.12 | F47: =IFERROR(__xludf.DUMMYFUNCTION("IFERROR(MAX(FILTER(VENTES!$A:$A,VENTES!$C:$C=$A47)),"""")"),46220.0) -> 46220 | G47: =IF(F47="","",DATEDIF(F47,TODAY(),"M")) -> 2 | H47: =IFERROR(__xludf.DUMMYFUNCTION("IF(D47=0,0,D47 /MONTH(COUNTUNIQUE(FILTRE(VENTES!$A:$A,VENTES!$C:$C=$A47))) )"),0.08333333333333333) -> 0.083333333 | I47: =IF(G47="","",IF(G47 > PARAMETRES!B50,"À RELANCER","OK")) -> À RELANCER
A48: SAS TRYO - ITM SAINT LAURENT DU VAR | B48: =IFERROR(VLOOKUP($A48,VENTES!$C:E,3,FALSE),"") -> SCHLESSER | C48: =IFERROR(VLOOKUP($A48,VENTES!C:E,2,FALSE()),"") -> Direct | D48: =COUNTIF(VENTES!$C:$C,$A48) -> 1 | E48: =SUMIF(VENTES!$C:$C,$A48,VENTES!$F:$F) -> 375.84 | F48: =IFERROR(__xludf.DUMMYFUNCTION("IFERROR(MAX(FILTER(VENTES!$A:$A,VENTES!$C:$C=$A48)),"""")"),46051.0) -> 46051 | G48: =IF(F48="","",DATEDIF(F48,TODAY(),"M")) -> 7 | H48: =IFERROR(__xludf.DUMMYFUNCTION("IF(D48=0,0,D48 /MONTH(COUNTUNIQUE(FILTRE(VENTES!$A:$A,VENTES!$C:$C=$A48))) )"),0.08333333333333333) -> 0.083333333 | I48: =IF(G48="","",IF(G48 > PARAMETRES!B51,"À RELANCER","OK")) -> À RELANCER
A49: SAS U EXPRESS LES MARINES | B49: =IFERROR(VLOOKUP($A49,VENTES!$C:E,3,FALSE),"") -> CAP FRAIS | C49: =IFERROR(VLOOKUP($A49,ENSEIGNES!$B:$C,2,FALSE),"") -> Direct | D49: =COUNTIF(VENTES!$C:$C,$A49) -> 1 | E49: =SUMIF(VENTES!$C:$C,$A49,VENTES!$F:$F) -> 501.12 | F49: =IFERROR(__xludf.DUMMYFUNCTION("IFERROR(MAX(FILTER(VENTES!$A:$A,VENTES!$C:$C=$A49)),"""")"),46220.0) -> 46220 | G49: =IF(F49="","",DATEDIF(F49,TODAY(),"M")) -> 2 | H49: =IFERROR(__xludf.DUMMYFUNCTION("IF(D49=0,0,D49 /MONTH(COUNTUNIQUE(FILTRE(VENTES!$A:$A,VENTES!$C:$C=$A49))) )"),0.08333333333333333) -> 0.083333333 | I49: =IF(G49="","",IF(G49 > PARAMETRES!B52,"À RELANCER","OK")) -> À RELANCER
A50: SCACHAP | B50: =IFERROR(VLOOKUP($A50,VENTES!$C:E,3,FALSE),"") -> CAP FRAIS | C50: =IFERROR(VLOOKUP($A50,ENSEIGNES!$B:$C,2,FALSE),"") -> Centrale | D50: =COUNTIF(VENTES!$C:$C,$A50) -> 65 | E50: =SUMIF(VENTES!$C:$C,$A50,VENTES!$F:$F) -> 37964.33 | F50: =IFERROR(__xludf.DUMMYFUNCTION("IFERROR(MAX(FILTER(VENTES!$A:$A,VENTES!$C:$C=$A50)),"""")"),46261.0) -> 46261 | G50: =IF(F50="","",DATEDIF(F50,TODAY(),"M")) -> 0 | H50: =IFERROR(__xludf.DUMMYFUNCTION("IF(D50=0,0,D50 /MONTH(COUNTUNIQUE(FILTRE(VENTES!$A:$A,VENTES!$C:$C=$A50))) )"),5.416666666666667) -> 5.4166667 | I50: =IF(G50="","",IF(G50 > PARAMETRES!B53,"À RELANCER","OK")) -> OK
A51: SCAOUEST | B51: =IFERROR(VLOOKUP($A51,VENTES!$C:E,3,FALSE),"") -> CAP FRAIS | C51: =IFERROR(VLOOKUP($A51,ENSEIGNES!$B:$C,2,FALSE),"") -> Centrale | D51: =COUNTIF(VENTES!$C:$C,$A51) -> 30 | E51: =SUMIF(VENTES!$C:$C,$A51,VENTES!$F:$F) -> 20770.39 | F51: =IFERROR(__xludf.DUMMYFUNCTION("IFERROR(MAX(FILTER(VENTES!$A:$A,VENTES!$C:$C=$A51)),"""")"),46259.0) -> 46259 | G51: =IF(F51="","",DATEDIF(F51,TODAY(),"M")) -> 0 | H51: =IFERROR(__xludf.DUMMYFUNCTION("IF(D51=0,0,D51 /MONTH(COUNTUNIQUE(FILTRE(VENTES!$A:$A,VENTES!$C:$C=$A51))) )"),2.5) -> 2.5 | I51: =IF(G51="","",IF(G51 > PARAMETRES!B54,"À RELANCER","OK")) -> OK
A52: SCAPEST | B52: =IFERROR(VLOOKUP($A52,VENTES!$C:E,3,FALSE),"") -> BROCARD | C52: =IFERROR(VLOOKUP($A52,ENSEIGNES!$B:$C,2,FALSE),"") -> Centrale | D52: =COUNTIF(VENTES!$C:$C,$A52) -> 198 | E52: =SUMIF(VENTES!$C:$C,$A52,VENTES!$F:$F) -> 65375.53 | F52: =IFERROR(__xludf.DUMMYFUNCTION("IFERROR(MAX(FILTER(VENTES!$A:$A,VENTES!$C:$C=$A52)),"""")"),46260.0) -> 46260 | G52: =IF(F52="","",DATEDIF(F52,TODAY(),"M")) -> 0 | H52: =IFERROR(__xludf.DUMMYFUNCTION("IF(D52=0,0,D52 /MONTH(COUNTUNIQUE(FILTRE(VENTES!$A:$A,VENTES!$C:$C=$A52))) )"),16.5) -> 16.5 | I52: =IF(G52="","",IF(G52 > PARAMETRES!B55,"À RELANCER","OK")) -> OK
A53: SOBODIS DISTRIBUTION U EXPRESS NANTES PETIT PORT(SAS) | B53: =IFERROR(VLOOKUP($A53,VENTES!$C:E,3,FALSE),"") -> CAP FRAIS | C53: =IFERROR(VLOOKUP($A53,ENSEIGNES!$B:$C,2,FALSE),"") -> Direct | D53: =COUNTIF(VENTES!$C:$C,$A53) -> 3 | E53: =SUMIF(VENTES!$C:$C,$A53,VENTES!$F:$F) -> 1057.92 | F53: =IFERROR(__xludf.DUMMYFUNCTION("IFERROR(MAX(FILTER(VENTES!$A:$A,VENTES!$C:$C=$A53)),"""")"),46121.0) -> 46121 | G53: =IF(F53="","",DATEDIF(F53,TODAY(),"M")) -> 5 | H53: =IFERROR(__xludf.DUMMYFUNCTION("IF(D53=0,0,D53 /MONTH(COUNTUNIQUE(FILTRE(VENTES!$A:$A,VENTES!$C:$C=$A53))) )"),0.25) -> 0.25 | I53: =IF(G53="","",IF(G53 > PARAMETRES!B56,"À RELANCER","OK")) -> À RELANCER
A54: SODICHAL - HYPER U CHALLANS (SAS) | B54: =IFERROR(VLOOKUP($A54,VENTES!$C:E,3,FALSE),"") -> CAP FRAIS | C54: =IFERROR(VLOOKUP($A54,ENSEIGNES!$B:$C,2,FALSE),"") -> Direct | D54: =COUNTIF(VENTES!$C:$C,$A54) -> 4 | E54: =SUMIF(VENTES!$C:$C,$A54,VENTES!$F:$F) -> 2949.18 | F54: =IFERROR(__xludf.DUMMYFUNCTION("IFERROR(MAX(FILTER(VENTES!$A:$A,VENTES!$C:$C=$A54)),"""")"),46192.0) -> 46192 | G54: =IF(F54="","",DATEDIF(F54,TODAY(),"M")) -> 3 | H54: =IFERROR(__xludf.DUMMYFUNCTION("IF(D54=0,0,D54 /MONTH(COUNTUNIQUE(FILTRE(VENTES!$A:$A,VENTES!$C:$C=$A54))) )"),0.3333333333333333) -> 0.33333333 | I54: =IF(G54="","",IF(G54 > PARAMETRES!B57,"À RELANCER","OK")) -> À RELANCER
A55: SU NANTES CHENAIE (SAS EXPAN) CARQUEFOU | B55: =IFERROR(VLOOKUP($A55,VENTES!$C:E,3,FALSE),"") -> CAP FRAIS | C55: =IFERROR(VLOOKUP($A55,ENSEIGNES!$B:$C,2,FALSE),"") -> Direct | D55: =COUNTIF(VENTES!$C:$C,$A55) -> 1 | E55: =SUMIF(VENTES!$C:$C,$A55,VENTES!$F:$F) -> 361.92 | F55: =IFERROR(__xludf.DUMMYFUNCTION("IFERROR(MAX(FILTER(VENTES!$A:$A,VENTES!$C:$C=$A55)),"""")"),45973.0) -> 45973 | G55: =IF(F55="","",DATEDIF(F55,TODAY(),"M")) -> 10 | H55: =IFERROR(__xludf.DUMMYFUNCTION("IF(D55=0,0,D55 /MONTH(COUNTUNIQUE(FILTRE(VENTES!$A:$A,VENTES!$C:$C=$A55))) )"),0.08333333333333333) -> 0.083333333 | I55: =IF(G55="","",IF(G55 > PARAMETRES!B58,"À RELANCER","OK")) -> À RELANCER
A56: THOUARS DISTRIBUTION | B56: =IFERROR(VLOOKUP($A56,VENTES!$C:E,3,FALSE),"") -> CAP FRAIS | C56: =IFERROR(VLOOKUP($A56,ENSEIGNES!$B:$C,2,FALSE),"") -> Direct | D56: =COUNTIF(VENTES!$C:$C,$A56) -> 1 | E56: =SUMIF(VENTES!$C:$C,$A56,VENTES!$F:$F) -> 454.72 | F56: =IFERROR(__xludf.DUMMYFUNCTION("IFERROR(MAX(FILTER(VENTES!$A:$A,VENTES!$C:$C=$A56)),"""")"),45964.0) -> 45964 | G56: =IF(F56="","",DATEDIF(F56,TODAY(),"M")) -> 10 | H56: =IFERROR(__xludf.DUMMYFUNCTION("IF(D56=0,0,D56 /MONTH(COUNTUNIQUE(FILTRE(VENTES!$A:$A,VENTES!$C:$C=$A56))) )"),0.08333333333333333) -> 0.083333333 | I56: =IF(G56="","",IF(G56 > PARAMETRES!B59,"À RELANCER","OK")) -> À RELANCER
A57: U EXPRESS RENNES HOCHE ( SAS LES CONQUERANTS ) | B57: =IFERROR(VLOOKUP($A57,VENTES!$C:E,3,FALSE),"") -> CAP FRAIS | C57: =IFERROR(VLOOKUP($A57,ENSEIGNES!$B:$C,2,FALSE),"") -> Direct | D57: =COUNTIF(VENTES!$C:$C,$A57) -> 9 | E57: =SUMIF(VENTES!$C:$C,$A57,VENTES!$F:$F) -> 3739.84 | F57: =IFERROR(__xludf.DUMMYFUNCTION("IFERROR(MAX(FILTER(VENTES!$A:$A,VENTES!$C:$C=$A57)),"""")"),46262.0) -> 46262 | G57: =IF(F57="","",DATEDIF(F57,TODAY(),"M")) -> 0 | H57: =IFERROR(__xludf.DUMMYFUNCTION("IF(D57=0,0,D57 /MONTH(COUNTUNIQUE(FILTRE(VENTES!$A:$A,VENTES!$C:$C=$A57))) )"),0.75) -> 0.75 | I57: =IF(G57="","",IF(G57 > PARAMETRES!B60,"À RELANCER","OK")) -> OK
B58: =IFERROR(VLOOKUP($A58,VENTES!$C:E,3,FALSE),"") | C58: =IFERROR(VLOOKUP($A58,ENSEIGNES!$B:$C,2,FALSE),"") | D58: =COUNTIF(VENTES!$C:$C,$A58) -> 0 | E58: =SUMIF(VENTES!$C:$C,$A58,VENTES!$F:$F) -> 0 | F58: =IFERROR(__xludf.DUMMYFUNCTION("IFERROR(MAX(FILTER(VENTES!$A:$A,VENTES!$C:$C=$A58)),"""")"),0.0) -> 0 | G58: =IF(F58="","",DATEDIF(F58,TODAY(),"M")) -> 1520 | H58: =IFERROR(__xludf.DUMMYFUNCTION("IF(D58=0,0,D58 /MONTH(COUNTUNIQUE(FILTRE(VENTES!$A:$A,VENTES!$C:$C=$A58))) )"),0.0) -> 0 | I58: =IF(G58="","",IF(G58 > PARAMETRES!B61,"À RELANCER","OK")) -> À RELANCER
B59: =IFERROR(VLOOKUP($A59,VENTES!$C:E,3,FALSE),"") | C59: =IFERROR(VLOOKUP($A59,ENSEIGNES!$B:$C,2,FALSE),"") | D59: =COUNTIF(VENTES!$C:$C,$A59) -> 0 | E59: =SUMIF(VENTES!$C:$C,$A59,VENTES!$F:$F) -> 0 | F59: =IFERROR(__xludf.DUMMYFUNCTION("IFERROR(MAX(FILTER(VENTES!$A:$A,VENTES!$C:$C=$A59)),"""")"),0.0) -> 0 | G59: =IF(F59="","",DATEDIF(F59,TODAY(),"M")) -> 1520 | H59: =IFERROR(__xludf.DUMMYFUNCTION("IF(D59=0,0,D59 /MONTH(COUNTUNIQUE(FILTRE(VENTES!$A:$A,VENTES!$C:$C=$A59))) )"),0.0) -> 0 | I59: =IF(G59="","",IF(G59 > PARAMETRES!B62,"À RELANCER","OK")) -> À RELANCER
B60: =IFERROR(VLOOKUP($A60,VENTES!$C:E,3,FALSE),"") | C60: =IFERROR(VLOOKUP($A60,ENSEIGNES!$B:$C,2,FALSE),"") | D60: =COUNTIF(VENTES!$C:$C,$A60) -> 0 | E60: =SUMIF(VENTES!$C:$C,$A60,VENTES!$F:$F) -> 0 | F60: =IFERROR(__xludf.DUMMYFUNCTION("IFERROR(MAX(FILTER(VENTES!$A:$A,VENTES!$C:$C=$A60)),"""")"),0.0) -> 0 | G60: =IF(F60="","",DATEDIF(F60,TODAY(),"M")) -> 1520 | H60: =IFERROR(__xludf.DUMMYFUNCTION("IF(D60=0,0,D60 /MONTH(COUNTUNIQUE(FILTRE(VENTES!$A:$A,VENTES!$C:$C=$A60))) )"),0.0) -> 0 | I60: =IF(G60="","",IF(G60 > PARAMETRES!B63,"À RELANCER","OK")) -> À RELANCER
B61: =IFERROR(VLOOKUP($A61,VENTES!$C:E,3,FALSE),"") | C61: =IFERROR(VLOOKUP($A61,ENSEIGNES!$B:$C,2,FALSE),"") | D61: =COUNTIF(VENTES!$C:$C,$A61) -> 0 | E61: =SUMIF(VENTES!$C:$C,$A61,VENTES!$F:$F) -> 0 | F61: =IFERROR(__xludf.DUMMYFUNCTION("IFERROR(MAX(FILTER(VENTES!$A:$A,VENTES!$C:$C=$A61)),"""")"),0.0) -> 0 | G61: =IF(F61="","",DATEDIF(F61,TODAY(),"M")) -> 1520 | H61: =IFERROR(__xludf.DUMMYFUNCTION("IF(D61=0,0,D61 /MONTH(COUNTUNIQUE(FILTRE(VENTES!$A:$A,VENTES!$C:$C=$A61))) )"),0.0) -> 0 | I61: =IF(G61="","",IF(G61 > PARAMETRES!B64,"À RELANCER","OK")) -> À RELANCER
B62: =IFERROR(VLOOKUP($A62,VENTES!$C:E,3,FALSE),"") | C62: =IFERROR(VLOOKUP($A62,ENSEIGNES!$B:$C,2,FALSE),"") | D62: =COUNTIF(VENTES!$C:$C,$A62) -> 0 | E62: =SUMIF(VENTES!$C:$C,$A62,VENTES!$F:$F) -> 0 | F62: =IFERROR(__xludf.DUMMYFUNCTION("IFERROR(MAX(FILTER(VENTES!$A:$A,VENTES!$C:$C=$A62)),"""")"),0.0) -> 0 | G62: =IF(F62="","",DATEDIF(F62,TODAY(),"M")) -> 1520 | H62: =IFERROR(__xludf.DUMMYFUNCTION("IF(D62=0,0,D62 /MONTH(COUNTUNIQUE(FILTRE(VENTES!$A:$A,VENTES!$C:$C=$A62))) )"),0.0) -> 0 | I62: =IF(G62="","",IF(G62 > PARAMETRES!B65,"À RELANCER","OK")) -> À RELANCER
B63: =IFERROR(VLOOKUP($A63,VENTES!$C:E,3,FALSE),"") | C63: =IFERROR(VLOOKUP($A63,ENSEIGNES!$B:$C,2,FALSE),"") | D63: =COUNTIF(VENTES!$C:$C,$A63) -> 0 | E63: =SUMIF(VENTES!$C:$C,$A63,VENTES!$F:$F) -> 0 | F63: =IFERROR(__xludf.DUMMYFUNCTION("IFERROR(MAX(FILTER(VENTES!$A:$A,VENTES!$C:$C=$A63)),"""")"),0.0) -> 0 | G63: =IF(F63="","",DATEDIF(F63,TODAY(),"M")) -> 1520 | H63: =IFERROR(__xludf.DUMMYFUNCTION("IF(D63=0,0,D63 /MONTH(COUNTUNIQUE(FILTRE(VENTES!$A:$A,VENTES!$C:$C=$A63))) )"),0.0) -> 0 | I63: =IF(G63="","",IF(G63 > PARAMETRES!B66,"À RELANCER","OK")) -> À RELANCER
B64: =IFERROR(VLOOKUP($A64,VENTES!$C:E,3,FALSE),"") | C64: =IFERROR(VLOOKUP($A64,ENSEIGNES!$B:$C,2,FALSE),"") | D64: =COUNTIF(VENTES!$C:$C,$A64) -> 0 | E64: =SUMIF(VENTES!$C:$C,$A64,VENTES!$F:$F) -> 0 | F64: =IFERROR(__xludf.DUMMYFUNCTION("IFERROR(MAX(FILTER(VENTES!$A:$A,VENTES!$C:$C=$A64)),"""")"),0.0) -> 0 | G64: =IF(F64="","",DATEDIF(F64,TODAY(),"M")) -> 1520 | H64: =IFERROR(__xludf.DUMMYFUNCTION("IF(D64=0,0,D64 /MONTH(COUNTUNIQUE(FILTRE(VENTES!$A:$A,VENTES!$C:$C=$A64))) )"),0.0) -> 0 | I64: =IF(G64="","",IF(G64 > PARAMETRES!B67,"À RELANCER","OK")) -> À RELANCER
B65: =IFERROR(VLOOKUP($A65,VENTES!$C:E,3,FALSE),"") | C65: =IFERROR(VLOOKUP($A65,ENSEIGNES!$B:$C,2,FALSE),"") | D65: =COUNTIF(VENTES!$C:$C,$A65) -> 0 | E65: =SUMIF(VENTES!$C:$C,$A65,VENTES!$F:$F) -> 0 | F65: =IFERROR(__xludf.DUMMYFUNCTION("IFERROR(MAX(FILTER(VENTES!$A:$A,VENTES!$C:$C=$A65)),"""")"),0.0) -> 0 | G65: =IF(F65="","",DATEDIF(F65,TODAY(),"M")) -> 1520 | H65: =IFERROR(__xludf.DUMMYFUNCTION("IF(D65=0,0,D65 /MONTH(COUNTUNIQUE(FILTRE(VENTES!$A:$A,VENTES!$C:$C=$A65))) )"),0.0) -> 0 | I65: =IF(G65="","",IF(G65 > PARAMETRES!B68,"À RELANCER","OK")) -> À RELANCER
B66: =IFERROR(VLOOKUP($A66,VENTES!$C:E,3,FALSE),"") | C66: =IFERROR(VLOOKUP($A66,ENSEIGNES!$B:$C,2,FALSE),"") | D66: =COUNTIF(VENTES!$C:$C,$A66) -> 0 | E66: =SUMIF(VENTES!$C:$C,$A66,VENTES!$F:$F) -> 0 | F66: =IFERROR(__xludf.DUMMYFUNCTION("IFERROR(MAX(FILTER(VENTES!$A:$A,VENTES!$C:$C=$A66)),"""")"),0.0) -> 0 | G66: =IF(F66="","",DATEDIF(F66,TODAY(),"M")) -> 1520 | H66: =IFERROR(__xludf.DUMMYFUNCTION("IF(D66=0,0,D66 /MONTH(COUNTUNIQUE(FILTRE(VENTES!$A:$A,VENTES!$C:$C=$A66))) )"),0.0) -> 0 | I66: =IF(G66="","",IF(G66 > PARAMETRES!B69,"À RELANCER","OK")) -> À RELANCER
B67: =IFERROR(VLOOKUP($A67,VENTES!$C:E,3,FALSE),"") | C67: =IFERROR(VLOOKUP($A67,ENSEIGNES!$B:$C,2,FALSE),"") | D67: =COUNTIF(VENTES!$C:$C,$A67) -> 0 | E67: =SUMIF(VENTES!$C:$C,$A67,VENTES!$F:$F) -> 0 | F67: =IFERROR(__xludf.DUMMYFUNCTION("IFERROR(MAX(FILTER(VENTES!$A:$A,VENTES!$C:$C=$A67)),"""")"),0.0) -> 0 | G67: =IF(F67="","",DATEDIF(F67,TODAY(),"M")) -> 1520 | H67: =IFERROR(__xludf.DUMMYFUNCTION("IF(D67=0,0,D67 /MONTH(COUNTUNIQUE(FILTRE(VENTES!$A:$A,VENTES!$C:$C=$A67))) )"),0.0) -> 0 | I67: =IF(G67="","",IF(G67 > PARAMETRES!B70,"À RELANCER","OK")) -> À RELANCER
B68: =IFERROR(VLOOKUP($A68,VENTES!$C:E,3,FALSE),"") | C68: =IFERROR(VLOOKUP($A68,ENSEIGNES!$B:$C,2,FALSE),"") | D68: =COUNTIF(VENTES!$C:$C,$A68) -> 0 | E68: =SUMIF(VENTES!$C:$C,$A68,VENTES!$F:$F) -> 0 | F68: =IFERROR(__xludf.DUMMYFUNCTION("IFERROR(MAX(FILTER(VENTES!$A:$A,VENTES!$C:$C=$A68)),"""")"),0.0) -> 0 | G68: =IF(F68="","",DATEDIF(F68,TODAY(),"M")) -> 1520 | H68: =IFERROR(__xludf.DUMMYFUNCTION("IF(D68=0,0,D68 /MONTH(COUNTUNIQUE(FILTRE(VENTES!$A:$A,VENTES!$C:$C=$A68))) )"),0.0) -> 0 | I68: =IF(G68="","",IF(G68 > PARAMETRES!B71,"À RELANCER","OK")) -> À RELANCER
B69: =IFERROR(VLOOKUP($A69,VENTES!$C:E,3,FALSE),"") | C69: =IFERROR(VLOOKUP($A69,ENSEIGNES!$B:$C,2,FALSE),"") | D69: =COUNTIF(VENTES!$C:$C,$A69) -> 0 | E69: =SUMIF(VENTES!$C:$C,$A69,VENTES!$F:$F) -> 0 | F69: =IFERROR(__xludf.DUMMYFUNCTION("IFERROR(MAX(FILTER(VENTES!$A:$A,VENTES!$C:$C=$A69)),"""")"),0.0) -> 0 | G69: =IF(F69="","",DATEDIF(F69,TODAY(),"M")) -> 1520 | H69: =IFERROR(__xludf.DUMMYFUNCTION("IF(D69=0,0,D69 /MONTH(COUNTUNIQUE(FILTRE(VENTES!$A:$A,VENTES!$C:$C=$A69))) )"),0.0) -> 0 | I69: =IF(G69="","",IF(G69 > PARAMETRES!B72,"À RELANCER","OK")) -> À RELANCER
B70: =IFERROR(VLOOKUP($A70,VENTES!$C:E,3,FALSE),"") | C70: =IFERROR(VLOOKUP($A70,ENSEIGNES!$B:$C,2,FALSE),"") | D70: =COUNTIF(VENTES!$C:$C,$A70) -> 0 | E70: =SUMIF(VENTES!$C:$C,$A70,VENTES!$F:$F) -> 0 | F70: =IFERROR(__xludf.DUMMYFUNCTION("IFERROR(MAX(FILTER(VENTES!$A:$A,VENTES!$C:$C=$A70)),"""")"),0.0) -> 0 | G70: =IF(F70="","",DATEDIF(F70,TODAY(),"M")) -> 1520 | H70: =IFERROR(__xludf.DUMMYFUNCTION("IF(D70=0,0,D70 /MONTH(COUNTUNIQUE(FILTRE(VENTES!$A:$A,VENTES!$C:$C=$A70))) )"),0.0) -> 0 | I70: =IF(G70="","",IF(G70 > PARAMETRES!B73,"À RELANCER","OK")) -> À RELANCER
B71: =IFERROR(VLOOKUP($A71,VENTES!$C:E,3,FALSE),"") | C71: =IFERROR(VLOOKUP($A71,ENSEIGNES!$B:$C,2,FALSE),"") | D71: =COUNTIF(VENTES!$C:$C,$A71) -> 0 | E71: =SUMIF(VENTES!$C:$C,$A71,VENTES!$F:$F) -> 0 | F71: =IFERROR(__xludf.DUMMYFUNCTION("IFERROR(MAX(FILTER(VENTES!$A:$A,VENTES!$C:$C=$A71)),"""")"),0.0) -> 0 | G71: =IF(F71="","",DATEDIF(F71,TODAY(),"M")) -> 1520 | H71: =IFERROR(__xludf.DUMMYFUNCTION("IF(D71=0,0,D71 /MONTH(COUNTUNIQUE(FILTRE(VENTES!$A:$A,VENTES!$C:$C=$A71))) )"),0.0) -> 0 | I71: =IF(G71="","",IF(G71 > PARAMETRES!B74,"À RELANCER","OK")) -> À RELANCER
B72: =IFERROR(VLOOKUP($A72,VENTES!$C:E,3,FALSE),"") | C72: =IFERROR(VLOOKUP($A72,ENSEIGNES!$B:$C,2,FALSE),"") | D72: =COUNTIF(VENTES!$C:$C,$A72) -> 0 | E72: =SUMIF(VENTES!$C:$C,$A72,VENTES!$F:$F) -> 0 | F72: =IFERROR(__xludf.DUMMYFUNCTION("IFERROR(MAX(FILTER(VENTES!$A:$A,VENTES!$C:$C=$A72)),"""")"),0.0) -> 0 | G72: =IF(F72="","",DATEDIF(F72,TODAY(),"M")) -> 1520 | H72: =IFERROR(__xludf.DUMMYFUNCTION("IF(D72=0,0,D72 /MONTH(COUNTUNIQUE(FILTRE(VENTES!$A:$A,VENTES!$C:$C=$A72))) )"),0.0) -> 0 | I72: =IF(G72="","",IF(G72 > PARAMETRES!B75,"À RELANCER","OK")) -> À RELANCER
B73: =IFERROR(VLOOKUP($A73,VENTES!$C:E,3,FALSE),"") | D73: =COUNTIF(VENTES!$C:$C,$A73) -> 0 | E73: =SUMIF(VENTES!$C:$C,$A73,VENTES!$F:$F) -> 0 | F73: =IFERROR(__xludf.DUMMYFUNCTION("IFERROR(MAX(FILTER(VENTES!$A:$A,VENTES!$C:$C=$A73)),"""")"),0.0) -> 0 | G73: =IF(F73="","",DATEDIF(F73,TODAY(),"M")) -> 1520 | H73: =IFERROR(__xludf.DUMMYFUNCTION("IF(D73=0,0,D73 /MONTH(COUNTUNIQUE(FILTRE(VENTES!$A:$A,VENTES!$C:$C=$A73))) )"),0.0) -> 0
B74: =IFERROR(VLOOKUP($A74,VENTES!$C:E,3,FALSE),"") | D74: =COUNTIF(VENTES!$C:$C,$A74) -> 0 | E74: =SUMIF(VENTES!$C:$C,$A74,VENTES!$F:$F) -> 0 | F74: =IFERROR(__xludf.DUMMYFUNCTION("IFERROR(MAX(FILTER(VENTES!$A:$A,VENTES!$C:$C=$A74)),"""")"),0.0) -> 0 | G74: =IF(F74="","",DATEDIF(F74,TODAY(),"M")) -> 1520 | H74: =IFERROR(__xludf.DUMMYFUNCTION("IF(D74=0,0,D74 /MONTH(COUNTUNIQUE(FILTRE(VENTES!$A:$A,VENTES!$C:$C=$A74))) )"),0.0) -> 0
B75: =IFERROR(VLOOKUP($A75,VENTES!$C:E,3,FALSE),"") | D75: =COUNTIF(VENTES!$C:$C,$A75) -> 0 | E75: =SUMIF(VENTES!$C:$C,$A75,VENTES!$F:$F) -> 0 | F75: =IFERROR(__xludf.DUMMYFUNCTION("IFERROR(MAX(FILTER(VENTES!$A:$A,VENTES!$C:$C=$A75)),"""")"),0.0) -> 0 | G75: =IF(F75="","",DATEDIF(F75,TODAY(),"M")) -> 1520 | H75: =IFERROR(__xludf.DUMMYFUNCTION("IF(D75=0,0,D75 /MONTH(COUNTUNIQUE(FILTRE(VENTES!$A:$A,VENTES!$C:$C=$A75))) )"),0.0) -> 0
B76: =IFERROR(VLOOKUP($A76,VENTES!$C:E,3,FALSE),"") | D76: =COUNTIF(VENTES!$C:$C,$A76) -> 0 | E76: =SUMIF(VENTES!$C:$C,$A76,VENTES!$F:$F) -> 0 | F76: =IFERROR(__xludf.DUMMYFUNCTION("IFERROR(MAX(FILTER(VENTES!$A:$A,VENTES!$C:$C=$A76)),"""")"),0.0) -> 0 | G76: =IF(F76="","",DATEDIF(F76,TODAY(),"M")) -> 1520 | H76: =IFERROR(__xludf.DUMMYFUNCTION("IF(D76=0,0,D76 /MONTH(COUNTUNIQUE(FILTRE(VENTES!$A:$A,VENTES!$C:$C=$A76))) )"),0.0) -> 0
B77: =IFERROR(VLOOKUP($A77,VENTES!$C:E,3,FALSE),"") | D77: =COUNTIF(VENTES!$C:$C,$A77) -> 0 | E77: =SUMIF(VENTES!$C:$C,$A77,VENTES!$F:$F) -> 0 | F77: =IFERROR(__xludf.DUMMYFUNCTION("IFERROR(MAX(FILTER(VENTES!$A:$A,VENTES!$C:$C=$A77)),"""")"),0.0) -> 0 | G77: =IF(F77="","",DATEDIF(F77,TODAY(),"M")) -> 1520 | H77: =IFERROR(__xludf.DUMMYFUNCTION("IF(D77=0,0,D77 /MONTH(COUNTUNIQUE(FILTRE(VENTES!$A:$A,VENTES!$C:$C=$A77))) )"),0.0) -> 0
B78: =IFERROR(VLOOKUP($A78,VENTES!$C:E,3,FALSE),"") | D78: =COUNTIF(VENTES!$C:$C,$A78) -> 0 | E78: =SUMIF(VENTES!$C:$C,$A78,VENTES!$F:$F) -> 0 | F78: =IFERROR(__xludf.DUMMYFUNCTION("IFERROR(MAX(FILTER(VENTES!$A:$A,VENTES!$C:$C=$A78)),"""")"),0.0) -> 0 | G78: =IF(F78="","",DATEDIF(F78,TODAY(),"M")) -> 1520 | H78: =IFERROR(__xludf.DUMMYFUNCTION("IF(D78=0,0,D78 /MONTH(COUNTUNIQUE(FILTRE(VENTES!$A:$A,VENTES!$C:$C=$A78))) )"),0.0) -> 0
B79: =IFERROR(VLOOKUP($A79,VENTES!$C:E,3,FALSE),"") | D79: =COUNTIF(VENTES!$C:$C,$A79) -> 0 | E79: =SUMIF(VENTES!$C:$C,$A79,VENTES!$F:$F) -> 0 | F79: =IFERROR(__xludf.DUMMYFUNCTION("IFERROR(MAX(FILTER(VENTES!$A:$A,VENTES!$C:$C=$A79)),"""")"),0.0) -> 0 | G79: =IF(F79="","",DATEDIF(F79,TODAY(),"M")) -> 1520 | H79: =IFERROR(__xludf.DUMMYFUNCTION("IF(D79=0,0,D79 /MONTH(COUNTUNIQUE(FILTRE(VENTES!$A:$A,VENTES!$C:$C=$A79))) )"),0.0) -> 0
B80: =IFERROR(VLOOKUP($A80,VENTES!$C:E,3,FALSE),"") | D80: =COUNTIF(VENTES!$C:$C,$A80) -> 0 | E80: =SUMIF(VENTES!$C:$C,$A80,VENTES!$F:$F) -> 0 | F80: =IFERROR(__xludf.DUMMYFUNCTION("IFERROR(MAX(FILTER(VENTES!$A:$A,VENTES!$C:$C=$A80)),"""")"),0.0) -> 0 | G80: =IF(F80="","",DATEDIF(F80,TODAY(),"M")) -> 1520 | H80: =IFERROR(__xludf.DUMMYFUNCTION("IF(D80=0,0,D80 /MONTH(COUNTUNIQUE(FILTRE(VENTES!$A:$A,VENTES!$C:$C=$A80))) )"),0.0) -> 0
D81: =COUNTIF(VENTES!$C:$C,$A81) -> 0 | E81: =SUMIF(VENTES!$C:$C,$A81,VENTES!$F:$F) -> 0 | G81: =IF(F81="","",DATEDIF(F81,TODAY(),"M")) | H81: =IFERROR(__xludf.DUMMYFUNCTION("IF(D81=0,0,D81 /MONTH(COUNTUNIQUE(FILTRE(VENTES!$A:$A,VENTES!$C:$C=$A81))) )"),0.0) -> 0
D82: =COUNTIF(VENTES!$C:$C,$A82) -> 0 | E82: =SUMIF(VENTES!$C:$C,$A82,VENTES!$F:$F) -> 0 | G82: =IF(F82="","",DATEDIF(F82,TODAY(),"M")) | H82: =IFERROR(__xludf.DUMMYFUNCTION("IF(D82=0,0,D82 /MONTH(COUNTUNIQUE(FILTRE(VENTES!$A:$A,VENTES!$C:$C=$A82))) )"),0.0) -> 0
D83: =COUNTIF(VENTES!$C:$C,$A83) -> 0 | E83: =SUMIF(VENTES!$C:$C,$A83,VENTES!$F:$F) -> 0 | G83: =IF(F83="","",DATEDIF(F83,TODAY(),"M")) | H83: =IFERROR(__xludf.DUMMYFUNCTION("IF(D83=0,0,D83 /MONTH(COUNTUNIQUE(FILTRE(VENTES!$A:$A,VENTES!$C:$C=$A83))) )"),0.0) -> 0
D84: =COUNTIF(VENTES!$C:$C,$A84) -> 0 | E84: =SUMIF(VENTES!$C:$C,$A84,VENTES!$F:$F) -> 0 | G84: =IF(F84="","",DATEDIF(F84,TODAY(),"M")) | H84: =IFERROR(__xludf.DUMMYFUNCTION("IF(D84=0,0,D84 /MONTH(COUNTUNIQUE(FILTRE(VENTES!$A:$A,VENTES!$C:$C=$A84))) )"),0.0) -> 0
D85: =COUNTIF(VENTES!$C:$C,$A85) -> 0 | E85: =SUMIF(VENTES!$C:$C,$A85,VENTES!$F:$F) -> 0
D86: =COUNTIF(VENTES!$C:$C,$A86) -> 0 | E86: =SUMIF(VENTES!$C:$C,$A86,VENTES!$F:$F) -> 0
E87: =SUMIF(VENTES!$C:$C,$A87,VENTES!$F:$F) -> 0
E88: =SUMIF(VENTES!$C:$C,$A88,VENTES!$F:$F) -> 0
E89: =SUMIF(VENTES!$C:$C,$A89,VENTES!$F:$F) -> 0
E90: =SUMIF(VENTES!$C:$C,$A90,VENTES!$F:$F) -> 0
E91: =SUMIF(VENTES!$C:$C,$A91,VENTES!$F:$F) -> 0
E92: =SUMIF(VENTES!$C:$C,$A92,VENTES!$F:$F) -> 0
E93: =SUMIF(VENTES!$C:$C,$A93,VENTES!$F:$F) -> 0
E94: =SUMIF(VENTES!$C:$C,$A94,VENTES!$F:$F) -> 0
E95: =SUMIF(VENTES!$C:$C,$A95,VENTES!$F:$F) -> 0
E96: =SUMIF(VENTES!$C:$C,$A96,VENTES!$F:$F) -> 0

Sheet DASHBOARD VISUEL
B2: DASHBOARD VISUEL - VUE GLOBALE
B4: 📅 MOIS- ANNEE | C4: =PARAMETRES!C13&" "&PARAMETRES!C14 -> Août 2026
B6: Chiffre d'affaires HT | E6: COMMISSION | H6: NB BL
B7: ='SUIVI MENSUEL COMPLET'!B6 -> 13706.27 | E7: ='SUIVI MENSUEL COMPLET'!B7 -> 685.3135 | H7: ='SUIVI MENSUEL COMPLET'!B10 -> 36
B9: PANIER MOYEN | E9: CLIENTS FIDÈLES | H9: ⚠️ À RELANCER
B10: ='SUIVI MENSUEL COMPLET'!B11 -> 380.72972 | H10: =COUNTIF('SUIVI CLIENTS'!I12:I70,"À RELANCER") -> 46
B12: ACTIVITE GENERALE
B28: CAP FRAIS | N28: centrale
AE30: SUM de
AD31: ALDOUEST | AE31: 3699.5
AD32: OTERA SAS | AE32: 26423.75
AD33: SCACHAP | AE33: 37964.33
AD34: SCAOUEST | AE34: 20770.39
AD35: Total général | AE35: 88857.97
B46: BROCARD
B64: GMA GROUP
A107: INDICATEUR | B107: Jan | C107: Fév | D107: Mar | E107: Avr | F107: Mai | G107: Jun | H107: Jul | I107: Aoû | J107: Sep | K107: Oct | L107: Nov | M107: Déc
A108: CA (€) | B108: =SUMIFS(VENTES!F3:F476,VENTES!J3:J476,1,VENTES!K3:K476,PARAMETRES!C14) -> 26972.78 | C108: =SUMIFS(VENTES!F3:F476,VENTES!J3:J476,2,VENTES!K3:K476,PARAMETRES!C14) -> 41446.71 | D108: =SUMIFS(VENTES!F3:F476,VENTES!J3:J476,3,VENTES!K3:K476,PARAMETRES!C14) -> 28509.66 | E108: =SUMIFS(VENTES!F3:F476,VENTES!J3:J476,4,VENTES!K3:K476,PARAMETRES!C14) -> 34839.25 | F108: =SUMIFS(VENTES!F3:F476,VENTES!J3:J476,5,VENTES!K3:K476,PARAMETRES!C14) -> 30976.11 | G108: =SUMIFS(VENTES!F3:F476,VENTES!J3:J476,6,VENTES!K3:K476,PARAMETRES!C14) -> 21170.26 | H108: =SUMIFS(VENTES!F3:F476,VENTES!J3:J476,7,VENTES!K3:K476,PARAMETRES!C14) -> 23380.51 | I108: =SUMIFS(VENTES!F3:F476,VENTES!J3:J476,8,VENTES!K3:K476,PARAMETRES!C14) -> 13706.27 | J108: =SUMIFS(VENTES!F3:F476,VENTES!J3:J476,9,VENTES!K3:K476,PARAMETRES!C14) -> 0 | K108: =SUMIFS(VENTES!F3:F476,VENTES!J3:J476,10,VENTES!K3:K476,PARAMETRES!C14) -> 0 | L108: =SUMIFS(VENTES!F3:F476,VENTES!J3:J476,11,VENTES!K3:K476,PARAMETRES!C14) -> 0 | M108: =SUMIFS(VENTES!F3:F476,VENTES!J3:J476,12,VENTES!K3:K476,PARAMETRES!C14) -> 0

Sheet RAPPORT AGENT
B4: RAPPORT MENSUEL
A5: AGENT: | B5: CAP FRAIS
A6: PÉRIODE: | B6: =PARAMETRES!C13&" "&PARAMETRES!C14 -> Août 2026
A8: PERFORMANCE DE L'AGENT
A9: INDICATEUR | B9: MOIS CLOTURE | C9: MOIS PRÉC. | D9: VARIATION | E9: VARIATION EN %
A10: CA Total | B10: =SUMIFS(VENTES!F3:F476,VENTES!E3:E476,$B$5,VENTES!J3:J476,PARAMETRES!C16,VENTES!K3:K476,PARAMETRES!C14) -> 8054.09 | C10: =SUM(C11:C12) -> 15703.55 | D10: =B10-C10 -> -7649.46 | E10: =IF(C10=0,"", (B10 - C10)/C10) -> -0.48711661 | F10: =IF(D10>0,"↑",IF(D10<0,"↓","→")) -> ↓
A11: CA Direct | B11: =SUMIFS(VENTES!$F3:$F1014,VENTES!$E3:$E1014,$B$5,VENTES!$D3:$D1014,"Direct",VENTES!$J3:$J1014,PARAMETRES!$C16,VENTES!$K3:$K1014,PARAMETRES!$C14) -> 436.16 | C11: =SUMIFS( VENTES!$F:$F , VENTES!$E:$E , $B$5 , VENTES!$D:$D , "Direct" , VENTES!$J:$J , IF(PARAMETRES!$C16=1 , 12 , PARAMETRES!$C16-1) , VENTES!$K:$K , IF(PARAMETRES!$C16=1 , PARAMETRES!$C14-1 , PARAMETRES!$C14) ) -> 3314.58 | D11: =B11-C11 -> -2878.42 | E11: =IF(C11=0,"", (B11 - C11)/C11) -> -0.86841168 | F11: =IF(D11>0,"↑",IF(D11<0,"↓","→")) -> ↓
A12: CA centrale | B12: =SUMIFS(VENTES!$F3:$F1014,VENTES!$E3:$E1014,$B$5,VENTES!$D3:$D1014,"Centrale",VENTES!$J3:$J1014,PARAMETRES!$C16,VENTES!$K3:$K1014,PARAMETRES!$C14) -> 9854.86 | C12: =SUMIFS( VENTES!$F:$F , VENTES!$E:$E , $B$5 , VENTES!$D:$D , "Centrale" , VENTES!$J:$J , IF(PARAMETRES!$C16=1 , 12 , PARAMETRES!$C16-1) , VENTES!$K:$K , IF(PARAMETRES!$C16=1 , PARAMETRES!$C14-1 , PARAMETRES!$C14) ) -> 12388.97 | D12: =B12-C12 -> -2534.11 | E12: =IF(C12=0,"", (B12 - C12)/C12) -> -0.20454566 | F12: =IF(D12>0,"↑",IF(D12<0,"↓","→")) -> ↓
A13: Commission Totale | B13: =SUMIFS(VENTES!I3:I476,VENTES!E3:E476,$B$5,VENTES!J3:J476,PARAMETRES!C16,VENTES!K3:K476,PARAMETRES!C14) -> 402.7045 | C13: =SUMIFS(VENTES!$I:$I ,VENTES!$E:$E , $B$5 ,VENTES!$J:$J , IF(PARAMETRES!$C16=1 , 12 , PARAMETRES!$C16-1) ,VENTES!$K:$K,IF(PARAMETRES!$C16=1,PARAMETRES!$C14-1,PARAMETRES!$C14)) -> 851.4691 | D13: =B13-C13 -> -448.7646 | E13: =IF(C13=0,"",(B13-C13)/C13) -> -0.52704743 | F13: =IF(D13>0,"↑",IF(D13<0,"↓","→")) -> ↓
A14: NB BL Direct | B14: =COUNTIFS(VENTES!E3:E1014,$B$5,VENTES!D3:D1014,"Direct",VENTES!J3:J1014,PARAMETRES!C16,VENTES!K3:K1014,PARAMETRES!C14) -> 1 | C14: =COUNTIFS( VENTES!$D:$D , "Direct" , VENTES!$E:$E , $B$5 , VENTES!$J:$J , IF(PARAMETRES!$C16=1 , 12 , PARAMETRES!$C16-1) , VENTES!$K:$K , IF(PARAMETRES!$C16=1 , PARAMETRES!$C14-1 , PARAMETRES!$C14) ) -> 7 | D14: =B14-C14 -> -6 | E14: =IF(C14=0,"", (B14-C14)/C14) -> -0.85714286 | F14: =IF(D14>0,"↑",IF(D14<0,"↓","→")) -> ↓
A15: NB BL Centrale | B15: =COUNTIFS(VENTES!E3:E1014,$B$5,VENTES!D3:D1014,"Centrale",VENTES!J3:J1014,PARAMETRES!C16,VENTES!K3:K1014,PARAMETRES!C14) -> 21 | C15: =COUNTIFS(VENTES!$D:$D,"Centrale",VENTES!$E:$E,$B$5,VENTES!$J:$J , IF(PARAMETRES!$C16=1,12,PARAMETRES!$C16-1),VENTES!$K:$K , IF(PARAMETRES!$C16=1,PARAMETRES!$C14-1,PARAMETRES!$C14) ) -> 20 | D15: =B15-C15 -> 1 | E15: =IF(C15=0,"",(B15-C15)/C15) -> 0.05 | F15: =IF(D15>0,"↑",IF(D15<0,"↓","→")) -> ↑
A16: NB BL Total | B16: =B14+B15 -> 22 | C16: =SUM(C14:C15) -> 27 | D16: =B16-C16 -> -5 | E16: =IF(C16=0,"", (B16 - C16) / C16) -> -0.18518519 | F16: =IF(D16>0,"↑",IF(D16<0,"↓","→")) -> ↓
A17: AOV Direct | B17: =IFERROR(SUMIFS(VENTES!$F:$F,VENTES!$E:$E,$B$5,VENTES!$D:$D,"Direct",VENTES!$J:$J,PARAMETRES!$C16,VENTES!$K:$K,PARAMETRES!$C14)/ COUNTIFS(VENTES!$D:$D,"Direct",VENTES!$E:$E,$B$5,VENTES!$J:$J,PARAMETRES!$C16,VENTES!$K:$K,PARAMETRES!$C14),0) -> 436.16 | C17: =IFERROR(SUMIFS(VENTES!$F:$F,VENTES!$E:$E,$B$5,VENTES!$D:$D,"Direct",VENTES!$J:$J , IF(PARAMETRES!$C16=1 , 12 , PARAMETRES!$C16-1) ,VENTES!$K:$K,IF(PARAMETRES!$C16=1,PARAMETRES!$C14-1,PARAMETRES!$C14))/COUNTIFS(VENTES!$D:$D,"Direct",VENTES!$E:$E,$B$5,VENTES!$J:$J,IF(PARAMETRES!$C16=1 , 12 , PARAMETRES!$C16-1),VENTES!$K:$K , IF(PARAMETRES!$C16=1 , PARAMETRES!$C14-1 , PARAMETRES!$C14)),0) -> 473.51143 | D17: =B17-C17 -> -37.351429 | E17: =IF(C17=0,"",(B17-C17)/C17) -> -0.078881789 | F17: =IF(D17>0,"↑",IF(D17<0,"↓","→")) -> ↓
A18: AOV Centrale | B18: =IF((B12/B15)<=0,"",B12/B15) -> 469.27905 | C18: =C12/C15 -> 619.4485 | D18: =B18-C18 -> -150.16945 | E18: =IF(C18=0,"",(B18-C18)/C18) -> -0.24242443 | F18: =IF(D18>0,"↑",IF(D18<0,"↓","→")) -> ↓
A20: FIDÉLISATION CLIENT | D20: CENTRALES | E20: CHIFFRE D'AFFAIRES
A21: Clients Fidèles à deux mois | B21: =IFERROR(__xludf.DUMMYFUNCTION("COUNTUNIQUE( FILTER( VENTES!C:C, VENTES!E:E = $B$5, VENTES!J:J = MONTH($B$6), VENTES!K:K = YEAR($B$6), COUNTIFS( VENTES!C:C, VENTES!C:C, VENTES!E:E, $B$5, VENTES!J:J, MONTH(EDATE($B$6, -1)), VENTES!K:K, YEAR(E"&"DATE($B$6, -1)) ) > 0 ) ) "),4.0) -> 4 | D21: =IFERROR(__xludf.DUMMYFUNCTION("UNIQUE(FILTER(ENSEIGNES!B:B,ENSEIGNES!C:C=""Centrale"",ENSEIGNES!D:D=$B$5))"),"SCACHAP") -> SCACHAP | E21: =SUMIFS(VENTES!F3:F1014,VENTES!C3:C1014,D21,VENTES!D3:D1014,"Centrale",VENTES!E3:E1014,$B$5,VENTES!J3:J1014,MONTH($B$6),VENTES!K3:K1014,YEAR($B$6)) -> 3325.82 | F21: =IF(C21<>"",C21,"")
A22: Clients Fidèles à trois mois | B22: =IFERROR(__xludf.DUMMYFUNCTION("COUNTUNIQUE( FILTER( VENTES!C:C, VENTES!E:E = $B$5, VENTES!J:J = MONTH($B$6), VENTES!K:K = YEAR($B$6), COUNTIFS( VENTES!C:C, VENTES!C:C, VENTES!E:E, $B$5, VENTES!J:J, MONTH(EDATE($B$6, -1)), VENTES!K:K, YEAR(E"&"DATE($B$6, -1)) ) > 0, COUNTIFS( VENTES!C:C, VENTES!C:C, VENTES!E:E, $B$5, VENTES!J:J, MONTH(EDATE($B$6, -2)), VENTES!K:K, YEAR(EDATE($B$6, -2)) ) > 0 ) ) "),4.0) -> 4 | D22: =IFERROR(__xludf.DUMMYFUNCTION("""COMPUTED_VALUE"""),"OTERA SAS") -> OTERA SAS | E22: =SUMIFS(VENTES!F4:F1014,VENTES!C4:C1014,D22,VENTES!D4:D1014,"Centrale",VENTES!E4:E1014,$B$5,VENTES!J4:J1014,MONTH($B$6),VENTES!K4:K1014,YEAR($B$6)) -> 2468.46
A23: Nouveaux Clients du mois | B23: =IFERROR(__xludf.DUMMYFUNCTION("COUNTUNIQUE( FILTER( VENTES!C:C, VENTES!E:E = $B$5, VENTES!J:J = MONTH($B$6), VENTES!K:K = YEAR($B$6), COUNTIFS( VENTES!C:C, VENTES!C:C, VENTES!E:E, $B$5, VENTES!A:A, ""<"" & EOMONTH($B$6, -1) ) = 0 ) ) "),1.0) -> 1 | D23: =IFERROR(__xludf.DUMMYFUNCTION("""COMPUTED_VALUE"""),"SCAOUEST") -> SCAOUEST | E23: =SUMIFS(VENTES!F5:F1014,VENTES!C5:C1014,D23,VENTES!D5:D1014,"Centrale",VENTES!E5:E1014,$B$5,VENTES!J5:J1014,MONTH($B$6),VENTES!K5:K1014,YEAR($B$6)) -> 3231.05
A24: Récurrence Moyenne | B24: =IFERROR(__xludf.DUMMYFUNCTION("IFERROR(COUNTIFS(VENTES!$E:$E,$B$5,VENTES!$J:$J,PARAMETRES!$C16,VENTES!$K:$K,PARAMETRES!$C14)/COUNTA(UNIQUE(FILTER(VENTES!$C:$C ,(VENTES!$E:$E=$B$5) *(VENTES!$J:$J=PARAMETRES!$C16)*(VENTES!$K:$K=PARAMETRES!$C14)))),0) "),4.4) -> 4.4 | D24: =IFERROR(__xludf.DUMMYFUNCTION("""COMPUTED_VALUE"""),"ALDOUEST ") -> ALDOUEST | E24: =SUMIFS(VENTES!F6:F1014,VENTES!C6:C1014,D24,VENTES!D6:D1014,"Centrale",VENTES!E6:E1014,$B$5,VENTES!J6:J1014,MONTH($B$6),VENTES!K6:K1014,YEAR($B$6)) -> 829.53
A25: Clients à Relancer | B25: =COUNTIFS( 'SUIVI CLIENTS'!$B:$B , $B$5 , 'SUIVI CLIENTS'!$I:$I , "À RELANCER" ) -> 19 | E25: =SUMIFS(VENTES!F7:F1014,VENTES!C7:C1014,D25,VENTES!D7:D1014,"Centrale",VENTES!E7:E1014,$B$5,VENTES!J7:J1014,MONTH($B$6),VENTES!K7:K1014,YEAR($B$6)) -> 0
A27: ⚠️ CLIENTS A RELANCER
A28: =IFERROR(__xludf.DUMMYFUNCTION("TEXTJOIN(CHAR(10), TRUE,FILTER('SUIVI CLIENTS'!A:A & "" — dernière commande : "" &TEXT('SUIVI CLIENTS'!F:F, ""dd/mm/yyyy""),('SUIVI CLIENTS'!B:B = B5) *('SUIVI CLIENTS'!I:I = ""À RELANCER""))) "),"ALDOUEST — dernière commande : 19/08/2026 HYPER U LES HERBIERS ( SAS EXAGONE) — dernière commande : 25/03/2026 LECLERC FLEURY LES AUBRAIS (SOCAMAINE) — dernière commande : 12/01/2026 LECLERC OLONNE SUR MER (SODILONNE) — dernière commande : 21/07/2026 LES"&" PLATANES - ITM ROCHEFORT (SAS) — dernière commande : 21/01/2026 RENOUEST ( E.LECLERC RENNES ) (SAS) — dernière commande : 15/06/2026 SA SUPER U L'EPINE (NOIRMOUTIER) — dernière commande : 17/07/2026 SAS INTERMARCHE LIMOGES — dernière commande : 13/03/202"&"6 SAS JODI - ITM EXPRESS NANTES ST JOSEPH — dernière commande : 24/06/2026 SAS KERVILLY ( E.LECLERC QUIMPER ) — dernière commande : 04/05/2026 SAS PARIS DISTRIBUTION — dernière commande : 03/04/2026 SAS SU LA TRANCHE SUR MER — dernière commande : 17/07/20"&"26 SAS SU OLONNE SUR MER — dernière commande : 03/07/2026 SAS SU OLONNE SUR MER (SAS CHATODIS) — dernière commande : 17/07/2026 SAS U EXPRESS LES MARINES — dernière commande : 17/07/2026 SOBODIS DISTRIBUTION U EXPRESS NANTES PETIT PORT(SAS) — dernière com"&"mande : 09/04/2026 SODICHAL - HYPER U CHALLANS (SAS) — dernière commande : 19/06/2026 SU NANTES CHENAIE (SAS EXPAN) CARQUEFOU — dernière commande : 12/11/2025 THOUARS DISTRIBUTION — dernière commande : 03/11/2025") -> ALDOUEST — dernière commande : 19/08/2026 HYPER U LES HERBIERS ( SAS EXAGONE) — dernière commande : 25/03/2026 LECLERC FLEURY LES AUBRAIS (SOCAMAINE) — dernière commande : 12/01/2026 LECLERC OLONNE SUR MER (SODILONNE) — dernière commande : 21/07/2026 LES PLATANES - ITM ROCHEFORT (SAS) — dernière commande : 21/01/2026 RENOUEST ( E.LECLERC RENNES ) (SAS) — dernière commande : 15/06/2026 SA SUPER U L'EPINE (NOIRMOUTIER) — dernière commande : 17/07/2026 SAS INTERMARCHE LIMOGES — dernière commande : 13/03/2026 SAS JODI - ITM EXPRESS NANTES ST JOSEPH — dernière commande : 24/06/2026 SAS KERVILLY ( E.LECLERC QUIMPER ) — dernière commande : 04/05/2026 SAS PARIS DISTRIBUTION — dernière commande : 03/04/2026 SAS SU LA TRANCHE SUR MER — dernière commande : 17/07/2026 SAS SU OLONNE SUR MER — dernière commande : 03/07/2026 SAS SU OLONNE SUR MER (SAS CHATODIS) — dernière commande : 17/07/2026 SAS U EXPRESS LES MARINES — dernière commande : 17/07/2026 SOBODIS DISTRIBUTION U EXPRESS NANTES PETIT PORT(SAS) — dernière commande : 09/04/2026 SODICHAL - HYPER U CHALLANS (SAS) — dernière commande : 19/06/2026 SU NANTES CHENAIE (SAS EXPAN) CARQUEFOU — dernière commande : 12/11/2025 THOUARS DISTRIBUTION — dernière commande : 03/11/2025
A30: Client du mois N (ayant commandé) | C30: Client du mois N-1 | E30: Client du mois N-2
A31: =IFERROR(__xludf.DUMMYFUNCTION("UNIQUE( FILTER( VENTES!$C:$C , (VENTES!$E:$E=$B$5) * (VENTES!$D:$D=""Direct"") * (VENTES!$J:$J=PARAMETRES!$C16) * (VENTES!$K:$K=PARAMETRES!$C14) ) ) "),"U EXPRESS RENNES HOCHE ( SAS LES CONQUERANTS )") -> U EXPRESS RENNES HOCHE ( SAS LES CONQUERANTS ) | C31: =IFERROR(__xludf.DUMMYFUNCTION("UNIQUE( FILTER( VENTES!$C:$C , (VENTES!$E:$E=$B$5) * (VENTES!$D:$D=""Direct"") * (VENTES!$J:$J=IF(PARAMETRES!$C16=1 , 12 , PARAMETRES!$C16-1)) * (VENTES!$K:$K=IF(PARAMETRES!$C16=1 , PARAMETRES!$C14-1 , PARAMETRES!$C14)) ) ) "),"SA SUPER U L'EPINE (NOIRMOUTIER)") -> SA SUPER U L'EPINE (NOIRMOUTIER) | E31: =IFERROR(__xludf.DUMMYFUNCTION("UNIQUE( FILTER( VENTES!$C:$C , (VENTES!$E:$E=$B$5) * (VENTES!$D:$D=""Direct"") * (VENTES!$J:$J=IF(PARAMETRES!$C16<=2 , 12+PARAMETRES!$C16-2 , PARAMETRES!$C16-2)) * (VENTES!$K:$K=IF(PARAMETRES!$C16<=2 , PARAMETRES!$C14-1 , PARAMETRES!"&"$C14)) ) ) "),"RENOUEST ( E.LECLERC RENNES ) (SAS)") -> RENOUEST ( E.LECLERC RENNES ) (SAS)
C32: =IFERROR(__xludf.DUMMYFUNCTION("""COMPUTED_VALUE"""),"SAS SU OLONNE SUR MER") -> SAS SU OLONNE SUR MER | E32: =IFERROR(__xludf.DUMMYFUNCTION("""COMPUTED_VALUE"""),"SODICHAL - HYPER U CHALLANS (SAS)") -> SODICHAL - HYPER U CHALLANS (SAS)
C33: =IFERROR(__xludf.DUMMYFUNCTION("""COMPUTED_VALUE"""),"SAS SU LA TRANCHE SUR MER") -> SAS SU LA TRANCHE SUR MER | E33: =IFERROR(__xludf.DUMMYFUNCTION("""COMPUTED_VALUE"""),"U EXPRESS RENNES HOCHE ( SAS LES CONQUERANTS )") -> U EXPRESS RENNES HOCHE ( SAS LES CONQUERANTS )
C34: =IFERROR(__xludf.DUMMYFUNCTION("""COMPUTED_VALUE"""),"SAS U EXPRESS LES MARINES") -> SAS U EXPRESS LES MARINES | E34: =IFERROR(__xludf.DUMMYFUNCTION("""COMPUTED_VALUE"""),"SAS JODI - ITM EXPRESS NANTES ST JOSEPH") -> SAS JODI - ITM EXPRESS NANTES ST JOSEPH
C35: =IFERROR(__xludf.DUMMYFUNCTION("""COMPUTED_VALUE"""),"SAS SU OLONNE SUR MER (SAS CHATODIS)") -> SAS SU OLONNE SUR MER (SAS CHATODIS)
C36: =IFERROR(__xludf.DUMMYFUNCTION("""COMPUTED_VALUE"""),"LECLERC OLONNE SUR MER (SODILONNE)") -> LECLERC OLONNE SUR MER (SODILONNE)

Sheet Mail
A2: Envoie rapport
C4: ="Bonjour l'équipe " & 'RAPPORT AGENT'!B5 & "," & CHAR(10) & CHAR(10) & "J'espère que vous allez bien." & CHAR(10) & "Voici votre rapport pour le mois de " & TEXT('RAPPORT AGENT'!B6, "mmmm yyyy") & "." & CHAR(10) & CHAR(10) & "• CA Total : " & 'RAPPORT AGENT'!B10 & " €" & CHAR(10) & "• CA Direct : " & 'RAPPORT AGENT'!B11 & " €" & CHAR(10) & "• CA Centrale : " & 'RAPPORT AGENT'!B12 & " €" & CHAR(10) & "• NB BL Direct : " & 'RAPPORT AGENT'!B14 & CHAR(10) & "• NB BL Centrale : " & 'RAPPORT AGENT'!B15 & CHAR(10) & "• NB BL Total : " & 'RAPPORT AGENT'!B16 & CHAR(10) & "• Commission totale : " & 'RAPPORT AGENT'!B13 & " €" & CHAR(10) & CHAR(10) & "• Détail des centrales :" & CHAR(10) & 'RAPPORT AGENT'!D21 & " : " & 'RAPPORT AGENT'!E21 & " €" & CHAR(10) & 'RAPPORT AGENT'!D22 & " : " & 'RAPPORT AGENT'!E22 & " €" & CHAR(10) & 'RAPPORT AGENT'!D23 & " : " & 'RAPPORT AGENT'!E23 & " €" & CHAR(10) & 'RAPPORT AGENT'!D24 & " : " & 'RAPPORT AGENT'!E24 & " €" & CHAR(10) & CHAR(10) & "Vous trouverez plus de détails en pièce jointe : comparatif avec le mois précédent + clients à relancer." & CHAR(10) & CHAR(10) & "Je suis disponible pour tout éclaircissement ou demande." & CHAR(10) & "Bonne journée à vous," & CHAR(10) & "Cordialement," -> Bonjour l'équipe CAP FRAIS, J'espère que vous allez bien. Voici votre rapport pour le mois de août 2026. • CA Total : 8054,09 € • CA Direct : 436,16 € • CA Centrale : 9854,86 € • NB BL Direct : 1 • NB BL Centrale : 21 • NB BL Total : 22 • Commission totale : 402,7045 € • Détail des centrales : SCACHAP : 3325,82 € OTERA SAS : 2468,46 € SCAOUEST : 3231,05 € ALDOUEST : 829,53 € Vous trouverez plus de détails en pièce jointe : comparatif avec le mois précédent + clients à relancer. Je suis disponible pour tout éclaircissement ou demande. Bonne journée à vous, Cordialement,
B10: florian.bouard@cap-frais.com | C10: patrice.talhouarn@cap-frais.com | D10: pascal.lebret@cap-frais.com | E10: camille@kooks.eu
B11: asassi@agencebrocard.fr | C11: galotto@agencebrocard.fr | D11: camille@kooks.eu | E11: mahdia@kooks.eu
B12: lea@schlesser.fr | C12: caroline@schlesser.fr | D12: camille@kooks.eu | E12: mahdia@kooks.eu
